image_path1,number_of_qubits,openqasm,ground_truth
circuit_images/q01_d010_0000.png,1,"OPENQASM 2.0;
include ""qelib1.inc"";
qreg q[1];
creg c[1];
sdg q[0];
tdg q[0];
z q[0];
sxdg q[0];
u(5.6895009903655875,0.7219691165931532,2.039946133576617) q[0];
rx(5.1067509121076995) q[0];
y q[0];
id q[0];
u2(5.492256483666354,4.262016973063137) q[0];
y q[0];
measure q[0] -> c[0];","{
    ""0"": 0.099609375,
    ""1"": 0.900390625
}"
circuit_images/q01_d013_0000.png,1,"OPENQASM 2.0;
include ""qelib1.inc"";
gate r(param0,param1) q0 { u3(param0,param1 - pi/2,pi/2 - param1) q0; }
qreg q[1];
creg c[1];
tdg q[0];
s q[0];
rz(5.751805587769396) q[0];
r(1.6635825536084232,2.4012410154923436) q[0];
s q[0];
h q[0];
sxdg q[0];
h q[0];
h q[0];
rz(3.1553424003339043) q[0];
rz(5.777160867699718) q[0];
id q[0];
r(5.13113257935397,0.7276471293993803) q[0];
measure q[0] -> c[0];","{
    ""1"": 0.43359375,
    ""0"": 0.56640625
}"
circuit_images/q01_d020_0000.png,1,"OPENQASM 2.0;
include ""qelib1.inc"";
gate r(param0,param1) q0 { u3(param0,param1 - pi/2,pi/2 - param1) q0; }
qreg q[1];
creg c[1];
sx q[0];
tdg q[0];
r(6.075279093701982,1.6806087361758986) q[0];
rx(3.7349836711116855) q[0];
u2(2.4952476959468255,5.201867851804897) q[0];
u3(4.989213194875111,3.9020639025925794,2.7110604404820746) q[0];
y q[0];
ry(4.7493133280403095) q[0];
s q[0];
sx q[0];
p(4.61809090126869) q[0];
p(2.0027597011376224) q[0];
rz(2.796667033504715) q[0];
z q[0];
z q[0];
z q[0];
id q[0];
u2(3.5840236388708693,3.513483847288563) q[0];
p(3.953282241913611) q[0];
h q[0];
measure q[0] -> c[0];","{
    ""1"": 0.46875,
    ""0"": 0.53125
}"
circuit_images/q02_d016_0000.png,2,"OPENQASM 2.0;
include ""qelib1.inc"";
gate r(param0,param1) q0 { u3(param0,param1 - pi/2,pi/2 - param1) q0; }
gate csdg q0,q1 { p(-pi/4) q0; cx q0,q1; p(pi/4) q1; cx q0,q1; p(-pi/4) q1; }
qreg q[2];
creg c[2];
rx(1.7899511134110757) q[1];
u1(1.962125678936024) q[0];
u(0.8128522481986098,4.319149180253498,4.904756524529861) q[1];
y q[0];
sdg q[1];
ry(1.527351275432825) q[0];
u(3.378986252580039,2.652026435598165,5.529489162514471) q[1];
sx q[0];
ry(5.75601869615293) q[1];
sdg q[1];
u(2.928428367465459,2.919379578137449,5.65691955078819) q[0];
p(0.7142020991341068) q[0];
ry(4.788055975692028) q[1];
u(2.0227192432915317,0.696025535225589,6.250681051588742) q[0];
rx(5.5518107597228825) q[1];
h q[0];
u(3.975570012395284,0.1606967358463575,2.48085335470051) q[0];
s q[1];
t q[0];
r(1.4134118907140198,4.006126868676719) q[1];
p(2.5904767631649404) q[1];
s q[0];
csdg q[0],q[1];
r(1.06998941272064,3.0089924565919217) q[1];
sxdg q[0];
id q[1];
u(5.094958801924778,2.519485215614634,1.8345601554285988) q[0];
measure q[0] -> c[0];
measure q[1] -> c[1];","{
    ""11"": 0.017578125,
    ""01"": 0.099609375,
    ""10"": 0.2724609375,
    ""00"": 0.6103515625
}"
circuit_images/q02_d005_0000.png,2,"OPENQASM 2.0;
include ""qelib1.inc"";
qreg q[2];
creg c[2];
z q[1];
cu(6.021120277023515,2.011726559310092,2.709303195033399,1.604669426707885) q[1],q[0];
crx(0.05875325917030426) q[0],q[1];
t q[1];
u1(2.0480352522100547) q[0];
rxx(4.955000866476062) q[1],q[0];
measure q[0] -> c[0];
measure q[1] -> c[1];","{
    ""11"": 0.384765625,
    ""00"": 0.615234375
}"
circuit_images/q02_d005_0001.png,2,"OPENQASM 2.0;
include ""qelib1.inc"";
qreg q[2];
creg c[2];
sxdg q[1];
u(1.2741735134006504,0.7793913349064405,4.169346327380658) q[0];
y q[0];
u(1.5412936607416858,6.073304853859748,6.255104011145461) q[0];
ry(1.0545816890997572) q[1];
id q[0];
tdg q[0];
u3(4.510258678449659,4.652880327893082,0.9463647427102608) q[1];
measure q[0] -> c[0];
measure q[1] -> c[1];","{
    ""01"": 0.0166015625,
    ""11"": 0.1494140625,
    ""10"": 0.7421875,
    ""00"": 0.091796875
}"
circuit_images/q02_d009_0000.png,2,"OPENQASM 2.0;
include ""qelib1.inc"";
gate ryy(param0) q0,q1 { rx(pi/2) q0; rx(pi/2) q1; cx q0,q1; rz(param0) q1; cx q0,q1; rx(-pi/2) q0; rx(-pi/2) q1; }
qreg q[2];
creg c[2];
x q[1];
u3(6.074025070238218,2.34132669135335,2.033231537790571) q[0];
cp(5.331913296656298) q[0],q[1];
u3(5.27754381419029,4.396989500726041,5.923818852095315) q[0];
cu(2.953935594603964,1.8803543386183768,2.37794695477054,0.5040040232162912) q[0],q[1];
cu3(4.439837085161706,0.942781672865332,2.265387837402592) q[0],q[1];
ryy(1.0097396570825397) q[1],q[0];
cu(3.651668545121806,5.468602646334415,3.4945066213125737,5.665831668154248) q[1],q[0];
cy q[0],q[1];
cz q[0],q[1];
measure q[0] -> c[0];
measure q[1] -> c[1];","{
    ""01"": 0.265625,
    ""10"": 0.1875,
    ""00"": 0.029296875,
    ""11"": 0.517578125
}"
circuit_images/q03_d015_0000.png,3,"OPENQASM 2.0;
include ""qelib1.inc"";
gate ryy(param0) q0,q1 { rx(pi/2) q0; rx(pi/2) q1; cx q0,q1; rz(param0) q1; cx q0,q1; rx(-pi/2) q0; rx(-pi/2) q1; }
gate dcx q0,q1 { cx q0,q1; cx q1,q0; }
gate csdg q0,q1 { p(-pi/4) q0; cx q0,q1; p(pi/4) q1; cx q0,q1; p(-pi/4) q1; }
gate iswap q0,q1 { s q0; s q1; h q0; cx q0,q1; cx q1,q0; h q1; }
qreg q[3];
creg c[3];
ryy(0.9917855979174579) q[2],q[0];
u2(3.3796313903501174,4.9842821985713845) q[1];
dcx q[1],q[2];
cx q[0],q[1];
crx(0.27252813851271773) q[1],q[2];
ryy(0.36295717692343843) q[0],q[1];
rxx(2.3445776789099346) q[1],q[0];
cu1(6.091941954995616) q[0],q[1];
csdg q[2],q[1];
iswap q[0],q[2];
sx q[1];
cu3(5.174820968649304,4.62139001462925,0.5821420839174748) q[2],q[0];
rzz(0.36592139852859623) q[1],q[0];
csx q[1],q[0];
cy q[2],q[1];
rccx q[0],q[1],q[2];
iswap q[1],q[2];
measure q[0] -> c[0];
measure q[1] -> c[1];
measure q[2] -> c[2];","{
    ""010"": 0.0556640625,
    ""000"": 0.0888671875,
    ""101"": 0.0419921875,
    ""110"": 0.18359375,
    ""001"": 0.2177734375,
    ""111"": 0.0693359375,
    ""011"": 0.26171875,
    ""100"": 0.0810546875
}"
circuit_images/q03_d019_0000.png,3,"OPENQASM 2.0;
include ""qelib1.inc"";
gate ccz q0,q1,q2 { h q2; ccx q0,q1,q2; h q2; }
qreg q[3];
creg c[3];
ccx q[1],q[2],q[0];
cswap q[1],q[2],q[0];
ccz q[0],q[1],q[2];
cu(0.8953183547642911,1.4356331416811947,5.499378449791421,1.9668450727843818) q[2],q[1];
u2(4.71831055619133,2.9319993409018226) q[0];
swap q[2],q[1];
ccx q[1],q[0],q[2];
u3(0.38826097760046474,5.124461784652834,3.6371184313071936) q[1];
t q[2];
sdg q[0];
ccz q[1],q[2],q[0];
rccx q[1],q[0],q[2];
ccx q[2],q[0],q[1];
ccz q[1],q[0],q[2];
ccx q[0],q[2],q[1];
ch q[1],q[0];
t q[2];
cz q[0],q[1];
rccx q[0],q[2],q[1];
rccx q[0],q[2],q[1];
rccx q[2],q[0],q[1];
cu(1.9782804396695302,5.55286377052673,1.9121038006318094,2.4403995677342416) q[2],q[0];
measure q[0] -> c[0];
measure q[1] -> c[1];
measure q[2] -> c[2];","{
    ""100"": 0.0068359375,
    ""101"": 0.00390625,
    ""111"": 0.0107421875,
    ""011"": 0.0107421875,
    ""110"": 0.001953125,
    ""010"": 0.01171875,
    ""000"": 0.517578125,
    ""001"": 0.4365234375
}"
circuit_images/q03_d009_0000.png,3,"OPENQASM 2.0;
include ""qelib1.inc"";
gate ryy(param0) q0,q1 { rx(pi/2) q0; rx(pi/2) q1; cx q0,q1; rz(param0) q1; cx q0,q1; rx(-pi/2) q0; rx(-pi/2) q1; }
gate ccz q0,q1,q2 { h q2; ccx q0,q1,q2; h q2; }
gate r(param0,param1) q0 { u3(param0,param1 - pi/2,pi/2 - param1) q0; }
qreg q[3];
creg c[3];
ccx q[1],q[2],q[0];
ccx q[1],q[0],q[2];
ryy(5.953573764556262) q[1],q[0];
u2(0.7491759140890787,4.532941738943791) q[2];
ccz q[0],q[2],q[1];
cry(2.428659772612109) q[2],q[1];
ry(1.5346636133504286) q[0];
r(0.2920664057616559,2.793216076579158) q[2];
rccx q[2],q[1],q[0];
ccx q[0],q[1],q[2];
x q[2];
cry(3.720940087345858) q[0],q[1];
measure q[0] -> c[0];
measure q[1] -> c[1];
measure q[2] -> c[2];","{
    ""110"": 0.0166015625,
    ""001"": 0.0302734375,
    ""100"": 0.2412109375,
    ""011"": 0.046875,
    ""111"": 0.275390625,
    ""000"": 0.0673828125,
    ""010"": 0.2021484375,
    ""101"": 0.1201171875
}"
circuit_images/q03_d019_0001.png,3,"OPENQASM 2.0;
include ""qelib1.inc"";
gate cs q0,q1 { p(pi/4) q0; cx q0,q1; p(-pi/4) q1; cx q0,q1; p(pi/4) q1; }
gate r(param0,param1) q0 { u3(param0,param1 - pi/2,pi/2 - param1) q0; }
gate rzx(param0) q0,q1 { h q1; cx q0,q1; rz(param0) q1; cx q0,q1; h q1; }
gate ecr q0,q1 { rzx(pi/4) q0,q1; x q0; rzx(-pi/4) q0,q1; }
gate xx_minus_yy(param0,param1) q0,q1 { rz(-param1) q1; rz(-pi/2) q0; sx q0; rz(pi/2) q0; s q1; cx q0,q1; ry(param0/2) q0; ry(-param0/2) q1; cx q0,q1; sdg q1; rz(-pi/2) q0; sxdg q0; rz(pi/2) q0; rz(param1) q1; }
gate iswap q0,q1 { s q0; s q1; h q0; cx q0,q1; cx q1,q0; h q1; }
gate dcx q0,q1 { cx q0,q1; cx q1,q0; }
qreg q[3];
creg c[3];
t q[2];
crx(2.9307100882114803) q[1],q[0];
t q[0];
cs q[1],q[2];
sxdg q[0];
cx q[2],q[1];
rz(3.8315252350655813) q[1];
rxx(5.301228885947223) q[0],q[2];
cz q[0],q[1];
r(2.5705675937976142,1.041265698887149) q[0];
cp(3.2672102512115804) q[1],q[2];
rx(2.5870442628077006) q[2];
rx(0.47028272293927587) q[0];
rxx(3.8259255298117885) q[2],q[0];
ry(0.037128911117089713) q[1];
ecr q[2],q[0];
r(2.131385460561499,0.8377398758348394) q[1];
swap q[2],q[0];
cswap q[1],q[2],q[0];
ry(2.656339871787386) q[0];
u1(0.7585931225361402) q[1];
xx_minus_yy(6.078462140683221,5.949163757808313) q[1],q[0];
ry(2.4504070841246897) q[1];
cp(5.186486906654209) q[0],q[2];
cp(0.6663190412472003) q[0],q[2];
z q[1];
rz(0.8951109080221646) q[1];
iswap q[0],q[2];
xx_minus_yy(4.399635193594494,2.270140720073705) q[2],q[1];
sdg q[0];
r(2.8282809549964036,3.3957866361049507) q[1];
dcx q[2],q[0];
cry(4.917487229972403) q[1],q[0];
measure q[0] -> c[0];
measure q[1] -> c[1];
measure q[2] -> c[2];","{
    ""010"": 0.0087890625,
    ""000"": 0.0166015625,
    ""101"": 0.015625,
    ""001"": 0.146484375,
    ""011"": 0.1435546875,
    ""111"": 0.138671875,
    ""110"": 0.453125,
    ""100"": 0.0771484375
}"
circuit_images/q03_d016_0000.png,3,"OPENQASM 2.0;
include ""qelib1.inc"";
gate rzx(param0) q0,q1 { h q1; cx q0,q1; rz(param0) q1; cx q0,q1; h q1; }
gate ecr q0,q1 { rzx(pi/4) q0,q1; x q0; rzx(-pi/4) q0,q1; }
gate xx_plus_yy(param0,param1) q0,q1 { rz(param1) q0; rz(-pi/2) q1; sx q1; rz(pi/2) q1; s q0; cx q1,q0; ry(-param0/2) q1; ry(-param0/2) q0; cx q1,q0; sdg q0; rz(-pi/2) q1; sxdg q1; rz(pi/2) q1; rz(-param1) q0; }
gate dcx q0,q1 { cx q0,q1; cx q1,q0; }
qreg q[3];
creg c[3];
p(5.656026428247371) q[0];
rz(1.4540557955852063) q[1];
u1(4.212480999468761) q[2];
u1(2.7677007501241726) q[0];
rxx(3.984426375557195) q[0],q[2];
sx q[1];
ecr q[2],q[0];
id q[2];
xx_plus_yy(0.05750010366212785,2.7255691387690053) q[0],q[1];
rccx q[2],q[1],q[0];
ry(5.805225412011913) q[2];
ecr q[0],q[1];
id q[1];
tdg q[2];
id q[1];
ch q[0],q[2];
dcx q[2],q[1];
z q[2];
xx_plus_yy(6.178475501626114,3.3285170841253047) q[1],q[0];
rz(3.1372547006276186) q[0];
id q[2];
h q[1];
x q[2];
cp(2.3845586069396827) q[1],q[0];
cswap q[2],q[0],q[1];
x q[2];
rxx(2.6159124808411267) q[1],q[0];
p(5.221111311794556) q[2];
u2(0.5665630543063812,4.367812755417196) q[1];
u3(6.248364549253312,4.4907545918263,4.070149547188511) q[0];
measure q[0] -> c[0];
measure q[1] -> c[1];
measure q[2] -> c[2];","{
    ""101"": 0.0126953125,
    ""111"": 0.0126953125,
    ""011"": 0.1318359375,
    ""100"": 0.162109375,
    ""001"": 0.0654296875,
    ""110"": 0.2431640625,
    ""010"": 0.087890625,
    ""000"": 0.2841796875
}"
circuit_images/q03_d017_0000.png,3,"OPENQASM 2.0;
include ""qelib1.inc"";
gate cs q0,q1 { p(pi/4) q0; cx q0,q1; p(-pi/4) q1; cx q0,q1; p(pi/4) q1; }
gate xx_plus_yy(param0,param1) q0,q1 { rz(param1) q0; rz(-pi/2) q1; sx q1; rz(pi/2) q1; s q0; cx q1,q0; ry(-param0/2) q1; ry(-param0/2) q0; cx q1,q0; sdg q0; rz(-pi/2) q1; sxdg q1; rz(pi/2) q1; rz(-param1) q0; }
gate iswap q0,q1 { s q0; s q1; h q0; cx q0,q1; cx q1,q0; h q1; }
gate rzx(param0) q0,q1 { h q1; cx q0,q1; rz(param0) q1; cx q0,q1; h q1; }
gate ecr q0,q1 { rzx(pi/4) q0,q1; x q0; rzx(-pi/4) q0,q1; }
qreg q[3];
creg c[3];
cry(3.156105789158086) q[0],q[2];
rx(0.7333461593459936) q[1];
cswap q[2],q[0],q[1];
cu3(4.585158871747216,5.550202954650985,5.4650927024116704) q[1],q[2];
csx q[0],q[1];
cs q[0],q[2];
rxx(1.6048682274334805) q[0],q[1];
sxdg q[1];
ch q[0],q[2];
xx_plus_yy(6.277757182833313,4.351713265161365) q[1],q[0];
cx q[1],q[2];
cu3(0.9596496051963895,3.634082642092365,5.176137329872639) q[2],q[0];
cry(5.076813774623212) q[1],q[2];
cx q[2],q[0];
iswap q[2],q[1];
csx q[2],q[0];
ecr q[1],q[2];
cswap q[1],q[2],q[0];
swap q[2],q[0];
measure q[0] -> c[0];
measure q[1] -> c[1];
measure q[2] -> c[2];","{
    ""001"": 0.0595703125,
    ""010"": 0.0009765625,
    ""000"": 0.2646484375,
    ""100"": 0.091796875,
    ""110"": 0.189453125,
    ""011"": 0.0615234375,
    ""111"": 0.087890625,
    ""101"": 0.244140625
}"
circuit_images/q03_d009_0001.png,3,"OPENQASM 2.0;
include ""qelib1.inc"";
gate ryy(param0) q0,q1 { rx(pi/2) q0; rx(pi/2) q1; cx q0,q1; rz(param0) q1; cx q0,q1; rx(-pi/2) q0; rx(-pi/2) q1; }
gate ccz q0,q1,q2 { h q2; ccx q0,q1,q2; h q2; }
qreg q[3];
creg c[3];
ryy(5.46431224672266) q[0],q[1];
sxdg q[2];
u2(4.632992318848149,0.33803660589826984) q[2];
ccx q[2],q[1],q[0];
ccz q[0],q[2],q[1];
u1(2.781639081969613) q[2];
p(0.9653843320671007) q[0];
rccx q[1],q[2],q[0];
ccz q[0],q[2],q[1];
rccx q[2],q[1],q[0];
rccx q[1],q[2],q[0];
measure q[0] -> c[0];
measure q[1] -> c[1];
measure q[2] -> c[2];","{
    ""011"": 0.1259765625,
    ""111"": 0.0634765625,
    ""100"": 0.244140625,
    ""000"": 0.56640625
}"
circuit_images/q03_d009_0002.png,3,"OPENQASM 2.0;
include ""qelib1.inc"";
gate rzx(param0) q0,q1 { h q1; cx q0,q1; rz(param0) q1; cx q0,q1; h q1; }
qreg q[3];
creg c[3];
z q[2];
id q[1];
u3(1.6625540993376806,3.8618547949337607,0.6669404399437251) q[1];
u2(3.2249265869900685,5.637397212440712) q[0];
ccx q[2],q[1],q[0];
sdg q[1];
rzx(1.0074238318462476) q[0],q[2];
u2(0.038930443449384164,5.290023379225545) q[1];
z q[0];
u3(4.302524262554133,5.084651225614154,5.615773048669123) q[2];
ccx q[2],q[0],q[1];
sxdg q[0];
sdg q[1];
sxdg q[2];
ccx q[1],q[2],q[0];
measure q[0] -> c[0];
measure q[1] -> c[1];
measure q[2] -> c[2];","{
    ""110"": 0.078125,
    ""100"": 0.017578125,
    ""101"": 0.234375,
    ""010"": 0.1357421875,
    ""111"": 0.150390625,
    ""011"": 0.2080078125,
    ""001"": 0.17578125
}"
circuit_images/q04_d011_0000.png,4,"OPENQASM 2.0;
include ""qelib1.inc"";
gate dcx q0,q1 { cx q0,q1; cx q1,q0; }
gate r(param0,param1) q0 { u3(param0,param1 - pi/2,pi/2 - param1) q0; }
qreg q[4];
creg c[4];
y q[1];
rccx q[0],q[2],q[3];
cswap q[2],q[3],q[1];
z q[0];
h q[3];
rx(0.06770970702512025) q[0];
dcx q[1],q[2];
sdg q[3];
sdg q[0];
r(2.394051510822579,4.197179803968191) q[2];
rx(3.4090862211193165) q[1];
sxdg q[2];
p(1.0126768310336056) q[1];
cu(3.1579974665693955,3.9558671640810337,6.148643930564765,3.611822603131827) q[1],q[0];
cy q[2],q[3];
p(6.074380931663649) q[3];
sdg q[0];
rz(3.3006661288450174) q[1];
tdg q[2];
u(4.223819265406321,2.681873478483158,3.367684395705992) q[3];
u(1.5890977278004312,0.9140121227630786,5.807801071064241) q[2];
sxdg q[0];
u1(1.1592274306889085) q[1];
ry(4.1400558357614905) q[0];
cswap q[3],q[1],q[2];
z q[1];
cswap q[2],q[3],q[0];
c3sqrtx q[3],q[2],q[0],q[1];
measure q[0] -> c[0];
measure q[1] -> c[1];
measure q[2] -> c[2];
measure q[3] -> c[3];","{
    ""1100"": 0.0009765625,
    ""1001"": 0.0068359375,
    ""1000"": 0.0048828125,
    ""0110"": 0.017578125,
    ""1101"": 0.0615234375,
    ""0001"": 0.0048828125,
    ""1111"": 0.1875,
    ""1110"": 0.0126953125,
    ""0101"": 0.2353515625,
    ""0000"": 0.005859375,
    ""0010"": 0.2158203125,
    ""0111"": 0.0146484375,
    ""0011"": 0.2314453125
}"
circuit_images/q04_d011_0001.png,4,"OPENQASM 2.0;
include ""qelib1.inc"";
gate ryy(param0) q0,q1 { rx(pi/2) q0; rx(pi/2) q1; cx q0,q1; rz(param0) q1; cx q0,q1; rx(-pi/2) q0; rx(-pi/2) q1; }
gate dcx q0,q1 { cx q0,q1; cx q1,q0; }
gate iswap q0,q1 { s q0; s q1; h q0; cx q0,q1; cx q1,q0; h q1; }
gate csdg q0,q1 { p(-pi/4) q0; cx q0,q1; p(pi/4) q1; cx q0,q1; p(-pi/4) q1; }
gate rzx(param0) q0,q1 { h q1; cx q0,q1; rz(param0) q1; cx q0,q1; h q1; }
qreg q[4];
creg c[4];
csx q[0],q[3];
cu1(4.209140614715434) q[1],q[2];
cu3(3.3923906349801096,4.410617071219903,1.617781823524534) q[2],q[0];
cu1(2.5189583739273993) q[3],q[1];
cp(4.75760951400531) q[2],q[3];
ryy(4.20151241715692) q[0],q[1];
y q[2];
ch q[0],q[1];
h q[3];
dcx q[3],q[0];
ch q[3],q[0];
cry(2.1551081886300123) q[2],q[1];
iswap q[0],q[1];
ch q[2],q[3];
csdg q[2],q[1];
crx(2.4951143886893075) q[1],q[2];
rzx(5.308179608543077) q[0],q[3];
cu(3.220169578857022,3.2768518784932192,3.9966101365435875,2.8652603914117405) q[3],q[1];
x q[0];
csdg q[2],q[1];
cz q[0],q[3];
measure q[0] -> c[0];
measure q[1] -> c[1];
measure q[2] -> c[2];
measure q[3] -> c[3];","{
    ""0110"": 0.0068359375,
    ""0111"": 0.0009765625,
    ""0011"": 0.017578125,
    ""0010"": 0.046875,
    ""0100"": 0.1318359375,
    ""1110"": 0.013671875,
    ""0101"": 0.240234375,
    ""1111"": 0.4638671875,
    ""1100"": 0.00390625,
    ""1001"": 0.01953125,
    ""1000"": 0.0546875
}"
circuit_images/q04_d005_0000.png,4,"OPENQASM 2.0;
include ""qelib1.inc"";
gate xx_plus_yy(param0,param1) q0,q1 { rz(param1) q0; rz(-pi/2) q1; sx q1; rz(pi/2) q1; s q0; cx q1,q0; ry(-param0/2) q1; ry(-param0/2) q0; cx q1,q0; sdg q0; rz(-pi/2) q1; sxdg q1; rz(pi/2) q1; rz(-param1) q0; }
gate ccz q0,q1,q2 { h q2; ccx q0,q1,q2; h q2; }
qreg q[4];
creg c[4];
xx_plus_yy(3.4853375949442342,4.380156894339783) q[2],q[3];
cu3(5.181277998454336,1.9073392926947919,5.177040945950739) q[0],q[1];
rzz(0.7676113314483122) q[2],q[0];
ry(6.142698999290546) q[3];
cu3(4.5393615073706295,0.5776641642834213,4.793395157903779) q[0],q[2];
ccz q[3],q[2],q[1];
ccz q[3],q[2],q[1];
s q[0];
measure q[0] -> c[0];
measure q[1] -> c[1];
measure q[2] -> c[2];
measure q[3] -> c[3];","{
    ""1000"": 0.005859375,
    ""0000"": 0.994140625
}"
circuit_images/q04_d017_0000.png,4,"OPENQASM 2.0;
include ""qelib1.inc"";
gate ccz q0,q1,q2 { h q2; ccx q0,q1,q2; h q2; }
gate xx_plus_yy(param0,param1) q0,q1 { rz(param1) q0; rz(-pi/2) q1; sx q1; rz(pi/2) q1; s q0; cx q1,q0; ry(-param0/2) q1; ry(-param0/2) q0; cx q1,q0; sdg q0; rz(-pi/2) q1; sxdg q1; rz(pi/2) q1; rz(-param1) q0; }
gate rzx(param0) q0,q1 { h q1; cx q0,q1; rz(param0) q1; cx q0,q1; h q1; }
gate ryy(param0) q0,q1 { rx(pi/2) q0; rx(pi/2) q1; cx q0,q1; rz(param0) q1; cx q0,q1; rx(-pi/2) q0; rx(-pi/2) q1; }
gate cs q0,q1 { p(pi/4) q0; cx q0,q1; p(-pi/4) q1; cx q0,q1; p(pi/4) q1; }
gate csdg q0,q1 { p(-pi/4) q0; cx q0,q1; p(pi/4) q1; cx q0,q1; p(-pi/4) q1; }
qreg q[4];
creg c[4];
cswap q[0],q[1],q[3];
tdg q[2];
ccz q[0],q[3],q[1];
u2(3.7421204257642695,2.6894548221369146) q[2];
xx_plus_yy(3.269470122599056,4.7127019374031605) q[0],q[1];
xx_plus_yy(3.114320805408789,3.1787193399788674) q[3],q[2];
cy q[3],q[1];
cu3(1.0318863438169092,2.939279347127116,0.23820910253959166) q[0],q[2];
cry(5.457638440995572) q[3],q[0];
rzz(5.746453609854136) q[2],q[1];
rccx q[0],q[3],q[2];
rzx(5.230732309875915) q[2],q[3];
rzz(5.887912547985752) q[1],q[0];
cry(2.8582294403109842) q[3],q[1];
xx_plus_yy(4.5592267579198635,1.0355245899114498) q[0],q[2];
ccz q[0],q[3],q[1];
ch q[2],q[0];
csx q[1],q[3];
ryy(4.050922958543534) q[2],q[3];
cz q[1],q[0];
cs q[2],q[1];
xx_plus_yy(3.275640050922493,1.6597545308092028) q[3],q[0];
swap q[3],q[0];
sdg q[1];
h q[1];
ccx q[3],q[0],q[2];
cu(5.4007298575791,5.873779996219648,3.908867673882926,5.258304643677447) q[0],q[3];
cx q[1],q[2];
swap q[1],q[0];
ryy(3.880727221993885) q[2],q[3];
t q[2];
csdg q[3],q[0];
measure q[0] -> c[0];
measure q[1] -> c[1];
measure q[2] -> c[2];
measure q[3] -> c[3];","{
    ""1010"": 0.001953125,
    ""1101"": 0.3857421875,
    ""0000"": 0.3046875,
    ""0010"": 0.005859375,
    ""1000"": 0.0126953125,
    ""1100"": 0.0595703125,
    ""0100"": 0.0576171875,
    ""1110"": 0.00390625,
    ""0101"": 0.099609375,
    ""0001"": 0.03125,
    ""1111"": 0.0107421875,
    ""0011"": 0.013671875,
    ""0111"": 0.0029296875,
    ""1011"": 0.009765625
}"
circuit_images/q04_d016_0000.png,4,"OPENQASM 2.0;
include ""qelib1.inc"";
gate r(param0,param1) q0 { u3(param0,param1 - pi/2,pi/2 - param1) q0; }
gate cs q0,q1 { p(pi/4) q0; cx q0,q1; p(-pi/4) q1; cx q0,q1; p(pi/4) q1; }
gate ccz q0,q1,q2 { h q2; ccx q0,q1,q2; h q2; }
gate csdg q0,q1 { p(-pi/4) q0; cx q0,q1; p(pi/4) q1; cx q0,q1; p(-pi/4) q1; }
qreg q[4];
creg c[4];
r(4.049818592759877,3.571895116921772) q[2];
u3(3.3679295929047193,5.270197000635212,4.002679991929658) q[1];
cs q[0],q[3];
crx(3.2478472611657923) q[2],q[3];
cu(0.7746017377264961,2.9353141060318966,2.657848826693579,2.7385135023876583) q[1],q[0];
cswap q[3],q[0],q[2];
rz(0.09491141408042303) q[1];
u2(3.615137482678233,5.4252642364893235) q[0];
rccx q[3],q[2],q[1];
ccz q[3],q[2],q[0];
s q[0];
ccz q[2],q[1],q[3];
cswap q[0],q[1],q[3];
csdg q[0],q[2];
s q[3];
ccz q[0],q[3],q[2];
p(2.3981248140371787) q[1];
ch q[0],q[3];
x q[2];
t q[1];
sx q[2];
u1(4.137341097921007) q[3];
crz(1.122053971702818) q[1],q[0];
rzz(6.1314466045873806) q[3],q[2];
ry(0.4272533353069498) q[3];
rccx q[1],q[0],q[2];
sx q[3];
cs q[2],q[0];
cp(0.5411765384667412) q[2],q[0];
measure q[0] -> c[0];
measure q[1] -> c[1];
measure q[2] -> c[2];
measure q[3] -> c[3];","{
    ""1010"": 0.0380859375,
    ""0100"": 0.0078125,
    ""1101"": 0.0009765625,
    ""0001"": 0.0380859375,
    ""1111"": 0.0283203125,
    ""1100"": 0.0234375,
    ""0110"": 0.1875,
    ""1000"": 0.015625,
    ""1011"": 0.060546875,
    ""0111"": 0.162109375,
    ""0011"": 0.1640625,
    ""0010"": 0.16796875,
    ""0000"": 0.01953125,
    ""1001"": 0.0029296875,
    ""0101"": 0.0302734375,
    ""1110"": 0.052734375
}"
circuit_images/q04_d006_0000.png,4,"OPENQASM 2.0;
include ""qelib1.inc"";
gate dcx q0,q1 { cx q0,q1; cx q1,q0; }
qreg q[4];
creg c[4];
tdg q[0];
rccx q[2],q[3],q[1];
c3sqrtx q[2],q[1],q[0],q[3];
ccx q[0],q[1],q[3];
u1(4.986269746264777) q[3];
cp(4.803046393158068) q[0],q[2];
rxx(5.422184585109438) q[1],q[3];
dcx q[2],q[0];
z q[1];
rccx q[3],q[0],q[2];
measure q[0] -> c[0];
measure q[1] -> c[1];
measure q[2] -> c[2];
measure q[3] -> c[3];","{
    ""1010"": 0.1728515625,
    ""0000"": 0.8271484375
}"
circuit_images/q04_d017_0001.png,4,"OPENQASM 2.0;
include ""qelib1.inc"";
gate cs q0,q1 { p(pi/4) q0; cx q0,q1; p(-pi/4) q1; cx q0,q1; p(pi/4) q1; }
gate rcccx q0,q1,q2,q3 { u2(0,pi) q3; u1(pi/4) q3; cx q2,q3; u1(-pi/4) q3; u2(0,pi) q3; cx q0,q3; u1(pi/4) q3; cx q1,q3; u1(-pi/4) q3; cx q0,q3; u1(pi/4) q3; cx q1,q3; u1(-pi/4) q3; u2(0,pi) q3; u1(pi/4) q3; cx q2,q3; u1(-pi/4) q3; u2(0,pi) q3; }
gate xx_plus_yy(param0,param1) q0,q1 { rz(param1) q0; rz(-pi/2) q1; sx q1; rz(pi/2) q1; s q0; cx q1,q0; ry(-param0/2) q1; ry(-param0/2) q0; cx q1,q0; sdg q0; rz(-pi/2) q1; sxdg q1; rz(pi/2) q1; rz(-param1) q0; }
gate r(param0,param1) q0 { u3(param0,param1 - pi/2,pi/2 - param1) q0; }
gate rzx(param0) q0,q1 { h q1; cx q0,q1; rz(param0) q1; cx q0,q1; h q1; }
gate ecr q0,q1 { rzx(pi/4) q0,q1; x q0; rzx(-pi/4) q0,q1; }
qreg q[4];
creg c[4];
cs q[3],q[0];
cz q[1],q[2];
rcccx q[1],q[0],q[3],q[2];
crx(2.4753981471710067) q[0],q[2];
cy q[1],q[3];
xx_plus_yy(4.249062397429568,0.5233008644909939) q[3],q[1];
cry(1.2515148740921211) q[0],q[2];
rzz(2.035052462716721) q[1],q[2];
sdg q[3];
u(5.148253588152239,2.3906110268350256,2.519336907709942) q[0];
rxx(2.3561074955192507) q[2],q[1];
u3(4.295489501776612,0.8947527983249428,3.757190949669832) q[0];
s q[3];
y q[1];
z q[2];
rxx(3.4816478379236835) q[3],q[0];
cu1(1.7895929917799582) q[1],q[2];
ry(5.969822985598754) q[0];
cu(4.037482784581257,5.866789457645489,4.645532200790511,2.138795781055889) q[3],q[1];
cp(4.1980695016373835) q[0],q[2];
ry(1.8389158228191405) q[0];
cp(5.209741436607597) q[3],q[1];
u3(2.7890335253972447,1.814173592117906,0.6918141208347556) q[2];
rxx(5.798032060127398) q[3],q[1];
h q[2];
r(2.889642118477611,4.7433302120954615) q[0];
cu(2.9429145257046434,4.549221722160273,0.3224992439531038,2.981369936675361) q[1],q[3];
cp(2.8651275600946775) q[0],q[2];
cu3(5.2855689408146915,2.146489799455411,4.356690384763948) q[3],q[2];
csx q[1],q[0];
csx q[2],q[3];
xx_plus_yy(5.721553978323612,2.968149750627769) q[0],q[1];
ecr q[2],q[0];
z q[3];
u3(6.090212468226484,3.9057380131413666,0.1790403244976927) q[0];
rzz(3.5275670458629524) q[1],q[2];
cu3(4.190807040537861,3.6963361929905685,5.795993212219128) q[3],q[2];
cz q[1],q[0];
measure q[0] -> c[0];
measure q[1] -> c[1];
measure q[2] -> c[2];
measure q[3] -> c[3];","{
    ""1010"": 0.005859375,
    ""0000"": 0.009765625,
    ""1101"": 0.0283203125,
    ""1011"": 0.0556640625,
    ""0011"": 0.03515625,
    ""0111"": 0.0498046875,
    ""0010"": 0.0458984375,
    ""0001"": 0.1015625,
    ""1111"": 0.1025390625,
    ""0110"": 0.361328125,
    ""1000"": 0.06640625,
    ""1100"": 0.041015625,
    ""0101"": 0.0068359375,
    ""1001"": 0.03515625,
    ""1110"": 0.0185546875,
    ""0100"": 0.0361328125
}"
circuit_images/q04_d014_0000.png,4,"OPENQASM 2.0;
include ""qelib1.inc"";
gate rzx(param0) q0,q1 { h q1; cx q0,q1; rz(param0) q1; cx q0,q1; h q1; }
gate ecr q0,q1 { rzx(pi/4) q0,q1; x q0; rzx(-pi/4) q0,q1; }
gate csdg q0,q1 { p(-pi/4) q0; cx q0,q1; p(pi/4) q1; cx q0,q1; p(-pi/4) q1; }
gate ccz q0,q1,q2 { h q2; ccx q0,q1,q2; h q2; }
gate cs q0,q1 { p(pi/4) q0; cx q0,q1; p(-pi/4) q1; cx q0,q1; p(pi/4) q1; }
gate r(param0,param1) q0 { u3(param0,param1 - pi/2,pi/2 - param1) q0; }
qreg q[4];
creg c[4];
ccx q[2],q[3],q[1];
u3(2.484947152443668,5.061484688002381,0.07793426430839324) q[0];
ch q[2],q[3];
u3(4.8835917609378905,5.3336229794170205,1.5017985539747385) q[1];
rccx q[3],q[1],q[0];
ecr q[1],q[2];
rzz(5.572533481633981) q[3],q[0];
cz q[1],q[2];
cp(1.1179546351061993) q[3],q[0];
csdg q[3],q[1];
y q[1];
ccx q[3],q[0],q[2];
h q[3];
ccz q[1],q[0],q[2];
cswap q[0],q[2],q[1];
cs q[2],q[0];
ecr q[1],q[3];
ccx q[3],q[2],q[0];
rxx(3.186479543576358) q[0],q[3];
cu1(5.750397420390479) q[2],q[1];
ccx q[3],q[0],q[2];
r(2.6058548211415546,3.1909558401664606) q[1];
r(5.553820078498371,0.07768435345481262) q[2];
rccx q[1],q[0],q[3];
measure q[0] -> c[0];
measure q[1] -> c[1];
measure q[2] -> c[2];
measure q[3] -> c[3];","{
    ""1101"": 0.005859375,
    ""1011"": 0.0205078125,
    ""1100"": 0.0751953125,
    ""0010"": 0.1103515625,
    ""0000"": 0.1044921875,
    ""0100"": 0.0439453125,
    ""1111"": 0.056640625,
    ""0001"": 0.048828125,
    ""1110"": 0.076171875,
    ""1001"": 0.0380859375,
    ""0101"": 0.078125,
    ""1010"": 0.1064453125,
    ""0111"": 0.00390625,
    ""0011"": 0.0107421875,
    ""1000"": 0.189453125,
    ""0110"": 0.03125
}"
circuit_images/q04_d014_0001.png,4,"OPENQASM 2.0;
include ""qelib1.inc"";
gate ccz q0,q1,q2 { h q2; ccx q0,q1,q2; h q2; }
gate rcccx q0,q1,q2,q3 { u2(0,pi) q3; u1(pi/4) q3; cx q2,q3; u1(-pi/4) q3; u2(0,pi) q3; cx q0,q3; u1(pi/4) q3; cx q1,q3; u1(-pi/4) q3; cx q0,q3; u1(pi/4) q3; cx q1,q3; u1(-pi/4) q3; u2(0,pi) q3; u1(pi/4) q3; cx q2,q3; u1(-pi/4) q3; u2(0,pi) q3; }
gate rzx(param0) q0,q1 { h q1; cx q0,q1; rz(param0) q1; cx q0,q1; h q1; }
gate ecr q0,q1 { rzx(pi/4) q0,q1; x q0; rzx(-pi/4) q0,q1; }
gate xx_minus_yy(param0,param1) q0,q1 { rz(-param1) q1; rz(-pi/2) q0; sx q0; rz(pi/2) q0; s q1; cx q0,q1; ry(param0/2) q0; ry(-param0/2) q1; cx q0,q1; sdg q1; rz(-pi/2) q0; sxdg q0; rz(pi/2) q0; rz(param1) q1; }
qreg q[4];
creg c[4];
ccz q[1],q[2],q[0];
u1(5.721621195807521) q[3];
c3sqrtx q[2],q[0],q[1],q[3];
rcccx q[1],q[3],q[0],q[2];
x q[1];
rccx q[0],q[3],q[2];
s q[1];
rzz(4.849938078900954) q[3],q[0];
ccz q[2],q[3],q[0];
sxdg q[0];
ecr q[3],q[1];
c3sqrtx q[3],q[2],q[1],q[0];
rcccx q[3],q[0],q[1],q[2];
cu(4.544611283477921,0.802125008616842,1.5672408644818985,5.030130265051484) q[0],q[1];
rccx q[1],q[0],q[2];
rcccx q[1],q[3],q[0],q[2];
rcccx q[0],q[1],q[3],q[2];
xx_minus_yy(5.079388777632441,3.5197363941589606) q[2],q[0];
s q[3];
measure q[0] -> c[0];
measure q[1] -> c[1];
measure q[2] -> c[2];
measure q[3] -> c[3];","{
    ""1010"": 0.1064453125,
    ""1111"": 0.314453125,
    ""1001"": 0.1025390625,
    ""1000"": 0.21484375,
    ""1101"": 0.16015625,
    ""1011"": 0.1015625
}"
circuit_images/q04_d018_0000.png,4,"OPENQASM 2.0;
include ""qelib1.inc"";
gate csdg q0,q1 { p(-pi/4) q0; cx q0,q1; p(pi/4) q1; cx q0,q1; p(-pi/4) q1; }
gate ccz q0,q1,q2 { h q2; ccx q0,q1,q2; h q2; }
gate rzx(param0) q0,q1 { h q1; cx q0,q1; rz(param0) q1; cx q0,q1; h q1; }
gate iswap q0,q1 { s q0; s q1; h q0; cx q0,q1; cx q1,q0; h q1; }
gate cs q0,q1 { p(pi/4) q0; cx q0,q1; p(-pi/4) q1; cx q0,q1; p(pi/4) q1; }
gate r(param0,param1) q0 { u3(param0,param1 - pi/2,pi/2 - param1) q0; }
qreg q[4];
creg c[4];
p(4.496592078475636) q[1];
csdg q[2],q[0];
y q[3];
ch q[1],q[0];
rz(3.981448801740511) q[2];
h q[3];
tdg q[1];
t q[3];
crz(3.459213850014007) q[0],q[2];
u3(4.48838868285505,2.3789711262702555,5.506586302757703) q[1];
y q[0];
sxdg q[2];
ry(1.1399277396130476) q[3];
rxx(2.6369897626489087) q[2],q[0];
crx(2.026008505128337) q[3],q[1];
ccz q[3],q[1],q[0];
p(1.2996948220757498) q[3];
sx q[0];
rzx(2.621898617157015) q[2],q[1];
tdg q[3];
sxdg q[1];
iswap q[0],q[2];
cu3(4.298505097329131,2.7296205954729564,4.373253686097801) q[0],q[1];
sx q[0];
csx q[1],q[3];
ry(2.7287958103345935) q[2];
rccx q[2],q[0],q[1];
s q[3];
x q[0];
rz(0.2750255478350085) q[2];
t q[1];
u3(5.293262095586414,0.39855498790333216,2.6805024788932905) q[0];
sxdg q[1];
cp(1.6004824255846555) q[3],q[2];
y q[3];
rxx(4.145880612177875) q[1],q[0];
z q[2];
swap q[1],q[2];
cs q[0],q[3];
u3(4.124984482399361,1.218529544872233,0.7948549078971989) q[3];
cz q[2],q[1];
u3(4.130117481709906,4.834585921875963,3.9555159140959537) q[2];
rz(5.839761693113125) q[1];
rx(0.9241287815199053) q[3];
u3(0.8048655926063569,1.6111150972544301,2.025194865816315) q[0];
u1(3.5563610670483206) q[0];
sx q[2];
r(3.5857990856540165,2.104727382586087) q[1];
measure q[0] -> c[0];
measure q[1] -> c[1];
measure q[2] -> c[2];
measure q[3] -> c[3];","{
    ""1110"": 0.00390625,
    ""1100"": 0.013671875,
    ""0001"": 0.0302734375,
    ""1111"": 0.0126953125,
    ""1011"": 0.1357421875,
    ""0111"": 0.0654296875,
    ""0011"": 0.01953125,
    ""1101"": 0.083984375,
    ""0000"": 0.123046875,
    ""0010"": 0.1123046875,
    ""1010"": 0.1376953125,
    ""0110"": 0.0537109375,
    ""1000"": 0.0146484375,
    ""1001"": 0.1513671875,
    ""0101"": 0.0419921875
}"
circuit_images/q04_d013_0000.png,4,"OPENQASM 2.0;
include ""qelib1.inc"";
gate rzx(param0) q0,q1 { h q1; cx q0,q1; rz(param0) q1; cx q0,q1; h q1; }
gate ecr q0,q1 { rzx(pi/4) q0,q1; x q0; rzx(-pi/4) q0,q1; }
gate r(param0,param1) q0 { u3(param0,param1 - pi/2,pi/2 - param1) q0; }
gate xx_plus_yy(param0,param1) q0,q1 { rz(param1) q0; rz(-pi/2) q1; sx q1; rz(pi/2) q1; s q0; cx q1,q0; ry(-param0/2) q1; ry(-param0/2) q0; cx q1,q0; sdg q0; rz(-pi/2) q1; sxdg q1; rz(pi/2) q1; rz(-param1) q0; }
gate rcccx q0,q1,q2,q3 { u2(0,pi) q3; u1(pi/4) q3; cx q2,q3; u1(-pi/4) q3; u2(0,pi) q3; cx q0,q3; u1(pi/4) q3; cx q1,q3; u1(-pi/4) q3; cx q0,q3; u1(pi/4) q3; cx q1,q3; u1(-pi/4) q3; u2(0,pi) q3; u1(pi/4) q3; cx q2,q3; u1(-pi/4) q3; u2(0,pi) q3; }
qreg q[4];
creg c[4];
cswap q[0],q[3],q[1];
p(5.393016444699088) q[2];
ccx q[3],q[0],q[2];
u(2.9651255491810504,5.5396828240880005,3.9823639398479638) q[2];
id q[1];
csx q[3],q[0];
x q[1];
rccx q[3],q[0],q[2];
rccx q[3],q[0],q[1];
rz(4.8270588311784675) q[2];
ecr q[1],q[3];
u3(0.52035599835337,2.808858612874255,2.080133139190799) q[0];
rz(2.682772583278109) q[2];
cswap q[1],q[3],q[2];
r(4.357202260776365,1.3085398709871683) q[2];
cz q[1],q[3];
xx_plus_yy(4.452190215093772,5.124594952644564) q[1],q[3];
cry(2.1865856570119804) q[2],q[0];
c3sqrtx q[3],q[1],q[0],q[2];
cy q[3],q[2];
rcccx q[3],q[2],q[1],q[0];
c3sqrtx q[0],q[1],q[3],q[2];
measure q[0] -> c[0];
measure q[1] -> c[1];
measure q[2] -> c[2];
measure q[3] -> c[3];","{
    ""1101"": 0.0078125,
    ""0110"": 0.0361328125,
    ""0011"": 0.017578125,
    ""0111"": 0.0419921875,
    ""0100"": 0.0419921875,
    ""0001"": 0.0244140625,
    ""1000"": 0.029296875,
    ""1100"": 0.1396484375,
    ""1001"": 0.025390625,
    ""0101"": 0.080078125,
    ""0000"": 0.3408203125,
    ""0010"": 0.21484375
}"
circuit_images/q04_d010_0000.png,4,"OPENQASM 2.0;
include ""qelib1.inc"";
gate r(param0,param1) q0 { u3(param0,param1 - pi/2,pi/2 - param1) q0; }
gate ccz q0,q1,q2 { h q2; ccx q0,q1,q2; h q2; }
qreg q[4];
creg c[4];
h q[0];
r(4.425015766415117,3.6557726046023977) q[2];
cz q[1],q[3];
s q[3];
x q[1];
rz(3.382427988589548) q[2];
ry(4.517425896756536) q[1];
u3(6.231418780159099,2.0698503560840606,4.268028032509865) q[2];
t q[3];
c3sqrtx q[2],q[0],q[3],q[1];
u1(5.732693000224008) q[3];
ccx q[2],q[1],q[0];
u2(2.2608691533834024,5.833143369896583) q[1];
ccz q[3],q[0],q[2];
crx(0.656404443600939) q[3],q[2];
sx q[1];
ch q[3],q[2];
cswap q[3],q[2],q[0];
t q[3];
u3(0.7600618896204469,3.9815123367192395,0.5103938979105931) q[1];
rxx(2.4925622545132122) q[0],q[2];
measure q[0] -> c[0];
measure q[1] -> c[1];
measure q[2] -> c[2];
measure q[3] -> c[3];","{
    ""0101"": 0.0556640625,
    ""0100"": 0.068359375,
    ""0011"": 0.099609375,
    ""0111"": 0.0244140625,
    ""0010"": 0.0908203125,
    ""0000"": 0.3037109375,
    ""0001"": 0.3369140625,
    ""0110"": 0.0205078125
}"
circuit_images/q04_d011_0002.png,4,"OPENQASM 2.0;
include ""qelib1.inc"";
gate ccz q0,q1,q2 { h q2; ccx q0,q1,q2; h q2; }
gate rzx(param0) q0,q1 { h q1; cx q0,q1; rz(param0) q1; cx q0,q1; h q1; }
qreg q[4];
creg c[4];
cswap q[2],q[0],q[1];
sxdg q[3];
ccx q[1],q[0],q[2];
ccz q[3],q[2],q[0];
ccz q[3],q[1],q[0];
cswap q[1],q[0],q[3];
ccz q[2],q[1],q[3];
cx q[0],q[2];
rzx(1.6228458213862782) q[1],q[3];
rccx q[0],q[1],q[3];
rccx q[2],q[3],q[0];
ccx q[0],q[3],q[1];
crx(3.971520049504067) q[2],q[1];
measure q[0] -> c[0];
measure q[1] -> c[1];
measure q[2] -> c[2];
measure q[3] -> c[3];","{
    ""0000"": 1.0
}"
circuit_images/q04_d017_0002.png,4,"OPENQASM 2.0;
include ""qelib1.inc"";
gate rcccx q0,q1,q2,q3 { u2(0,pi) q3; u1(pi/4) q3; cx q2,q3; u1(-pi/4) q3; u2(0,pi) q3; cx q0,q3; u1(pi/4) q3; cx q1,q3; u1(-pi/4) q3; cx q0,q3; u1(pi/4) q3; cx q1,q3; u1(-pi/4) q3; u2(0,pi) q3; u1(pi/4) q3; cx q2,q3; u1(-pi/4) q3; u2(0,pi) q3; }
gate dcx q0,q1 { cx q0,q1; cx q1,q0; }
gate rzx(param0) q0,q1 { h q1; cx q0,q1; rz(param0) q1; cx q0,q1; h q1; }
gate ecr q0,q1 { rzx(pi/4) q0,q1; x q0; rzx(-pi/4) q0,q1; }
gate ryy(param0) q0,q1 { rx(pi/2) q0; rx(pi/2) q1; cx q0,q1; rz(param0) q1; cx q0,q1; rx(-pi/2) q0; rx(-pi/2) q1; }
gate r(param0,param1) q0 { u3(param0,param1 - pi/2,pi/2 - param1) q0; }
gate iswap q0,q1 { s q0; s q1; h q0; cx q0,q1; cx q1,q0; h q1; }
qreg q[4];
creg c[4];
rx(5.574604940080323) q[1];
z q[0];
tdg q[3];
s q[3];
cu3(4.250884432565466,1.5492791757874356,4.292609571763577) q[0],q[2];
rcccx q[1],q[2],q[0],q[3];
dcx q[3],q[1];
x q[0];
dcx q[2],q[1];
ecr q[0],q[3];
crx(1.4908809572116515) q[2],q[3];
u1(3.83199826990025) q[1];
rcccx q[2],q[1],q[0],q[3];
cu3(3.8064440211025814,1.1288647795189253,1.0255955209627063) q[3],q[2];
ryy(3.792642653594352) q[1],q[0];
cz q[1],q[3];
crz(5.183719895834022) q[0],q[2];
r(6.07407144049461,3.918369792015631) q[0];
s q[3];
u(0.860966865450977,6.186390770336096,0.24055957547931917) q[2];
t q[1];
ryy(0.39180915593199483) q[3],q[0];
rzx(3.5867693010551474) q[1],q[2];
iswap q[0],q[3];
dcx q[2],q[1];
rz(2.454137037536994) q[0];
dcx q[2],q[3];
cp(5.259558480490818) q[3],q[0];
ryy(2.4840408584775067) q[1],q[2];
c3sqrtx q[1],q[0],q[3],q[2];
ch q[1],q[0];
p(5.905274877257183) q[2];
cz q[2],q[3];
iswap q[0],q[1];
measure q[0] -> c[0];
measure q[1] -> c[1];
measure q[2] -> c[2];
measure q[3] -> c[3];","{
    ""0100"": 0.0009765625,
    ""1110"": 0.0126953125,
    ""0010"": 0.1787109375,
    ""0000"": 0.060546875,
    ""1011"": 0.03515625,
    ""0011"": 0.41015625,
    ""0111"": 0.0419921875,
    ""1111"": 0.0185546875,
    ""0001"": 0.0888671875,
    ""1000"": 0.0009765625,
    ""0110"": 0.0205078125,
    ""1101"": 0.00390625,
    ""1010"": 0.0498046875,
    ""1100"": 0.0029296875,
    ""1001"": 0.0615234375,
    ""0101"": 0.0126953125
}"
circuit_images/q04_d017_0003.png,4,"OPENQASM 2.0;
include ""qelib1.inc"";
gate rzx(param0) q0,q1 { h q1; cx q0,q1; rz(param0) q1; cx q0,q1; h q1; }
gate ecr q0,q1 { rzx(pi/4) q0,q1; x q0; rzx(-pi/4) q0,q1; }
gate ccz q0,q1,q2 { h q2; ccx q0,q1,q2; h q2; }
gate cs q0,q1 { p(pi/4) q0; cx q0,q1; p(-pi/4) q1; cx q0,q1; p(pi/4) q1; }
gate dcx q0,q1 { cx q0,q1; cx q1,q0; }
qreg q[4];
creg c[4];
ecr q[0],q[3];
y q[1];
ccz q[3],q[1],q[2];
u2(1.2635662139775126,0.6139039507338744) q[2];
cs q[0],q[3];
ccx q[2],q[1],q[3];
csx q[2],q[1];
sxdg q[0];
z q[3];
u3(1.637509473699419,3.6772595588127537,1.8891740840883067) q[3];
ccz q[0],q[1],q[2];
rccx q[2],q[0],q[1];
u2(5.74188690457991,4.899938365894836) q[3];
cswap q[3],q[1],q[0];
rccx q[2],q[3],q[1];
ccz q[3],q[1],q[2];
cu(5.124954942588921,1.276091628332725,3.815591103348913,3.3183486696240707) q[1],q[0];
rxx(4.384175415168353) q[3],q[2];
crx(5.155062041523695) q[1],q[0];
u1(3.2676159724749168) q[2];
cp(0.4645574987595071) q[3],q[2];
t q[1];
u2(1.6424268253723016,3.2631022820402475) q[0];
tdg q[2];
rz(1.2707926589046983) q[3];
cu3(1.0190922098917858,1.5777114411732316,2.5950809779596766) q[1],q[0];
id q[2];
dcx q[3],q[0];
z q[1];
sxdg q[2];
cu(0.5480978278446857,0.31377600642405856,1.1629747399632973,2.600512040917736) q[3],q[0];
ccx q[3],q[2],q[0];
u3(5.289000699436932,6.010461420193967,1.8130522099835533) q[1];
measure q[0] -> c[0];
measure q[1] -> c[1];
measure q[2] -> c[2];
measure q[3] -> c[3];","{
    ""1100"": 0.0068359375,
    ""0000"": 0.037109375,
    ""0001"": 0.03125,
    ""1011"": 0.2412109375,
    ""0111"": 0.0791015625,
    ""0011"": 0.009765625,
    ""1111"": 0.1044921875,
    ""1101"": 0.0380859375,
    ""0110"": 0.0224609375,
    ""1000"": 0.0625,
    ""1110"": 0.0869140625,
    ""1001"": 0.0498046875,
    ""0101"": 0.0791015625,
    ""0100"": 0.10546875,
    ""0010"": 0.015625,
    ""1010"": 0.0302734375
}"
circuit_images/q04_d011_0003.png,4,"OPENQASM 2.0;
include ""qelib1.inc"";
gate ccz q0,q1,q2 { h q2; ccx q0,q1,q2; h q2; }
qreg q[4];
creg c[4];
cswap q[0],q[3],q[1];
p(2.652136107964029) q[2];
u(4.490618148605044,0.7168873587602894,5.266215671019339) q[1];
sx q[3];
sdg q[0];
sxdg q[2];
u3(6.137130577302462,5.324466782682342,3.483873647435383) q[2];
id q[3];
h q[1];
ccz q[1],q[3],q[2];
rz(2.793086250914668) q[0];
sdg q[1];
cswap q[3],q[2],q[0];
cswap q[0],q[2],q[1];
p(4.624248948616317) q[3];
ry(1.5866090481805728) q[1];
rz(3.1152107545768577) q[2];
rccx q[1],q[2],q[3];
sdg q[0];
cry(3.6677294217606513) q[0],q[2];
cry(4.556736918824665) q[1],q[3];
cu3(5.979951374733263,0.9305732361371716,1.5131081845650185) q[0],q[3];
y q[2];
cswap q[0],q[2],q[1];
t q[3];
measure q[0] -> c[0];
measure q[1] -> c[1];
measure q[2] -> c[2];
measure q[3] -> c[3];","{
    ""1010"": 0.0791015625,
    ""0010"": 0.1201171875,
    ""0000"": 0.0390625,
    ""1011"": 0.09375,
    ""0111"": 0.0380859375,
    ""0011"": 0.0048828125,
    ""0110"": 0.4501953125,
    ""1101"": 0.0126953125,
    ""1110"": 0.0029296875,
    ""1001"": 0.0009765625,
    ""0101"": 0.015625,
    ""1100"": 0.048828125,
    ""0100"": 0.041015625,
    ""1111"": 0.052734375
}"
circuit_images/q05_d016_0000.png,5,"OPENQASM 2.0;
include ""qelib1.inc"";
gate r(param0,param1) q0 { u3(param0,param1 - pi/2,pi/2 - param1) q0; }
gate csdg q0,q1 { p(-pi/4) q0; cx q0,q1; p(pi/4) q1; cx q0,q1; p(-pi/4) q1; }
gate rzx(param0) q0,q1 { h q1; cx q0,q1; rz(param0) q1; cx q0,q1; h q1; }
gate ecr q0,q1 { rzx(pi/4) q0,q1; x q0; rzx(-pi/4) q0,q1; }
gate cs q0,q1 { p(pi/4) q0; cx q0,q1; p(-pi/4) q1; cx q0,q1; p(pi/4) q1; }
gate rcccx q0,q1,q2,q3 { u2(0,pi) q3; u1(pi/4) q3; cx q2,q3; u1(-pi/4) q3; u2(0,pi) q3; cx q0,q3; u1(pi/4) q3; cx q1,q3; u1(-pi/4) q3; cx q0,q3; u1(pi/4) q3; cx q1,q3; u1(-pi/4) q3; u2(0,pi) q3; u1(pi/4) q3; cx q2,q3; u1(-pi/4) q3; u2(0,pi) q3; }
qreg q[5];
creg c[5];
ch q[0],q[2];
h q[3];
u2(3.809970629077662,0.4614520625314052) q[4];
u2(5.973900264506782,3.4099112793436013) q[1];
u2(1.208867989446083,4.371570253034807) q[3];
c3sqrtx q[0],q[4],q[2],q[1];
t q[1];
cswap q[2],q[3],q[4];
rz(2.0438314842434098) q[0];
tdg q[4];
r(6.077725309770783,2.831621324819123) q[3];
rx(1.9715521920612402) q[0];
z q[2];
y q[1];
rccx q[2],q[4],q[1];
csdg q[0],q[3];
id q[4];
z q[2];
cp(3.954693892802506) q[1],q[3];
sdg q[1];
p(3.164334856940224) q[4];
u(3.4539820620590147,1.224384346289536,0.5215084160697057) q[2];
ecr q[3],q[0];
x q[4];
sxdg q[1];
s q[0];
crz(0.8302466326595483) q[2],q[3];
t q[3];
u(2.155158508347951,5.819548122672301,1.115465650790169) q[0];
u1(2.3862821195019874) q[2];
u(1.0942000229592423,4.119333731491297,6.17284977250508) q[1];
id q[4];
sdg q[0];
s q[3];
h q[4];
tdg q[2];
u(5.232995859719141,1.9563770093801298,2.207896240670468) q[1];
u2(0.3385898566787169,2.714569054993549) q[1];
u1(2.626878187570158) q[3];
cs q[4],q[0];
u1(2.4037807776484694) q[2];
u1(3.647315545745708) q[4];
sx q[0];
r(0.22935773249051128,2.651737924289722) q[1];
u2(1.9933982090474713,3.6549085432036725) q[3];
rcccx q[4],q[2],q[1],q[3];
h q[0];
u(4.107483770499331,2.550557295685934,1.5581943288498774) q[1];
h q[2];
sdg q[4];
p(4.285371325281318) q[3];
r(0.7835811526030652,1.6435436220994477) q[0];
tdg q[2];
csdg q[4],q[3];
csdg q[0],q[1];
cz q[1],q[2];
t q[4];
y q[3];
x q[0];
measure q[0] -> c[0];
measure q[1] -> c[1];
measure q[2] -> c[2];
measure q[3] -> c[3];
measure q[4] -> c[4];","{
    ""11110"": 0.001953125,
    ""01011"": 0.01953125,
    ""01111"": 0.0166015625,
    ""01110"": 0.162109375,
    ""00100"": 0.25,
    ""00101"": 0.064453125,
    ""01001"": 0.025390625,
    ""00110"": 0.0029296875,
    ""01000"": 0.029296875,
    ""01100"": 0.05078125,
    ""00000"": 0.119140625,
    ""00010"": 0.001953125,
    ""01101"": 0.0400390625,
    ""01010"": 0.0908203125,
    ""00111"": 0.0478515625,
    ""00011"": 0.02734375,
    ""10010"": 0.0009765625,
    ""00001"": 0.048828125
}"
circuit_images/q05_d006_0000.png,5,"OPENQASM 2.0;
include ""qelib1.inc"";
gate ccz q0,q1,q2 { h q2; ccx q0,q1,q2; h q2; }
gate iswap q0,q1 { s q0; s q1; h q0; cx q0,q1; cx q1,q0; h q1; }
qreg q[5];
creg c[5];
c3sqrtx q[0],q[3],q[4],q[1];
z q[2];
rccx q[0],q[3],q[1];
h q[2];
s q[4];
c3sqrtx q[3],q[0],q[4],q[1];
ccz q[0],q[1],q[3];
iswap q[4],q[2];
rccx q[4],q[1],q[0];
ccx q[3],q[4],q[0];
measure q[0] -> c[0];
measure q[1] -> c[1];
measure q[2] -> c[2];
measure q[3] -> c[3];
measure q[4] -> c[4];","{
    ""10000"": 0.498046875,
    ""00000"": 0.501953125
}"
circuit_images/q05_d014_0000.png,5,"OPENQASM 2.0;
include ""qelib1.inc"";
gate rcccx q0,q1,q2,q3 { u2(0,pi) q3; u1(pi/4) q3; cx q2,q3; u1(-pi/4) q3; u2(0,pi) q3; cx q0,q3; u1(pi/4) q3; cx q1,q3; u1(-pi/4) q3; cx q0,q3; u1(pi/4) q3; cx q1,q3; u1(-pi/4) q3; u2(0,pi) q3; u1(pi/4) q3; cx q2,q3; u1(-pi/4) q3; u2(0,pi) q3; }
gate ccz q0,q1,q2 { h q2; ccx q0,q1,q2; h q2; }
gate r(param0,param1) q0 { u3(param0,param1 - pi/2,pi/2 - param1) q0; }
gate dcx q0,q1 { cx q0,q1; cx q1,q0; }
qreg q[5];
creg c[5];
rcccx q[3],q[1],q[2],q[4];
ry(5.707899448420234) q[0];
c3sqrtx q[2],q[1],q[4],q[0];
t q[3];
id q[1];
sx q[3];
ccz q[2],q[4],q[0];
r(0.8161623824088593,1.9435796157368666) q[2];
r(5.249246241519333,1.8752347007894223) q[3];
dcx q[0],q[4];
y q[3];
c3sqrtx q[0],q[1],q[2],q[4];
u(4.516653258362738,6.200670149547469,1.6833801095119174) q[0];
tdg q[2];
rccx q[3],q[4],q[1];
z q[0];
rz(4.009994183345324) q[4];
c3sqrtx q[3],q[4],q[2],q[1];
id q[0];
rccx q[0],q[3],q[1];
tdg q[4];
t q[2];
rcccx q[0],q[2],q[3],q[4];
p(3.3790571456588476) q[1];
h q[0];
u(3.2417729901400656,2.0929164156749684,5.508790612559052) q[4];
h q[2];
rcccx q[4],q[1],q[3],q[0];
rcccx q[0],q[2],q[1],q[4];
rcccx q[0],q[2],q[3],q[4];
measure q[0] -> c[0];
measure q[1] -> c[1];
measure q[2] -> c[2];
measure q[3] -> c[3];
measure q[4] -> c[4];","{
    ""11101"": 0.0029296875,
    ""01101"": 0.0107421875,
    ""01000"": 0.0048828125,
    ""01111"": 0.0078125,
    ""01110"": 0.0185546875,
    ""00100"": 0.015625,
    ""00101"": 0.0029296875,
    ""10001"": 0.0048828125,
    ""01001"": 0.001953125,
    ""11010"": 0.056640625,
    ""01011"": 0.0166015625,
    ""10100"": 0.21484375,
    ""00000"": 0.0341796875,
    ""10000"": 0.30859375,
    ""11011"": 0.0390625,
    ""11001"": 0.064453125,
    ""01100"": 0.005859375,
    ""11111"": 0.033203125,
    ""11000"": 0.0615234375,
    ""10101"": 0.044921875,
    ""00001"": 0.005859375,
    ""11100"": 0.0126953125,
    ""11110"": 0.03125
}"
circuit_images/q05_d005_0000.png,5,"OPENQASM 2.0;
include ""qelib1.inc"";
gate rcccx q0,q1,q2,q3 { u2(0,pi) q3; u1(pi/4) q3; cx q2,q3; u1(-pi/4) q3; u2(0,pi) q3; cx q0,q3; u1(pi/4) q3; cx q1,q3; u1(-pi/4) q3; cx q0,q3; u1(pi/4) q3; cx q1,q3; u1(-pi/4) q3; u2(0,pi) q3; u1(pi/4) q3; cx q2,q3; u1(-pi/4) q3; u2(0,pi) q3; }
qreg q[5];
creg c[5];
rcccx q[0],q[3],q[1],q[4];
ry(2.289411175589211) q[2];
rcccx q[2],q[3],q[4],q[0];
rccx q[2],q[4],q[3];
rzz(3.115829001113658) q[0],q[1];
rcccx q[1],q[3],q[0],q[4];
c3sqrtx q[1],q[3],q[0],q[4];
measure q[0] -> c[0];
measure q[1] -> c[1];
measure q[2] -> c[2];
measure q[3] -> c[3];
measure q[4] -> c[4];","{
    ""00000"": 0.1845703125,
    ""00100"": 0.8154296875
}"
circuit_images/q05_d020_0000.png,5,"OPENQASM 2.0;
include ""qelib1.inc"";
gate rcccx q0,q1,q2,q3 { u2(0,pi) q3; u1(pi/4) q3; cx q2,q3; u1(-pi/4) q3; u2(0,pi) q3; cx q0,q3; u1(pi/4) q3; cx q1,q3; u1(-pi/4) q3; cx q0,q3; u1(pi/4) q3; cx q1,q3; u1(-pi/4) q3; u2(0,pi) q3; u1(pi/4) q3; cx q2,q3; u1(-pi/4) q3; u2(0,pi) q3; }
gate ccz q0,q1,q2 { h q2; ccx q0,q1,q2; h q2; }
gate xx_plus_yy(param0,param1) q0,q1 { rz(param1) q0; rz(-pi/2) q1; sx q1; rz(pi/2) q1; s q0; cx q1,q0; ry(-param0/2) q1; ry(-param0/2) q0; cx q1,q0; sdg q0; rz(-pi/2) q1; sxdg q1; rz(pi/2) q1; rz(-param1) q0; }
qreg q[5];
creg c[5];
rcccx q[4],q[1],q[2],q[3];
x q[0];
ccz q[1],q[4],q[3];
rzz(1.434557935234227) q[2],q[0];
rcccx q[3],q[4],q[0],q[2];
ccx q[1],q[0],q[3];
cz q[4],q[2];
c3sqrtx q[3],q[4],q[0],q[2];
c3sqrtx q[0],q[1],q[3],q[4];
rccx q[1],q[3],q[2];
cz q[4],q[0];
rccx q[0],q[4],q[3];
crx(0.5252259773027222) q[1],q[2];
c3sqrtx q[3],q[1],q[0],q[4];
ccx q[3],q[4],q[1];
c3sqrtx q[0],q[1],q[2],q[3];
xx_plus_yy(5.539020794081908,0.8012809880935332) q[4],q[1];
u3(2.814241267350545,0.39036085258772824,5.8965549027606965) q[3];
ccz q[1],q[4],q[0];
t q[0];
c3sqrtx q[4],q[2],q[3],q[1];
rccx q[0],q[1],q[2];
crz(3.731865827346672) q[3],q[4];
csx q[4],q[0];
ccz q[2],q[3],q[1];
c3sqrtx q[2],q[1],q[4],q[0];
rcccx q[4],q[3],q[1],q[2];
rccx q[2],q[3],q[1];
cu(4.956601557916445,0.4504703124513946,3.7530894389465432,0.6868339581489111) q[4],q[0];
rcccx q[1],q[3],q[2],q[4];
measure q[0] -> c[0];
measure q[1] -> c[1];
measure q[2] -> c[2];
measure q[3] -> c[3];
measure q[4] -> c[4];","{
    ""00001"": 0.0205078125,
    ""01001"": 0.9794921875
}"
circuit_images/q05_d008_0000.png,5,"OPENQASM 2.0;
include ""qelib1.inc"";
gate rcccx q0,q1,q2,q3 { u2(0,pi) q3; u1(pi/4) q3; cx q2,q3; u1(-pi/4) q3; u2(0,pi) q3; cx q0,q3; u1(pi/4) q3; cx q1,q3; u1(-pi/4) q3; cx q0,q3; u1(pi/4) q3; cx q1,q3; u1(-pi/4) q3; u2(0,pi) q3; u1(pi/4) q3; cx q2,q3; u1(-pi/4) q3; u2(0,pi) q3; }
qreg q[5];
creg c[5];
u3(2.710775694012371,1.923670852055149,4.074081994635953) q[0];
cu3(4.982891935846821,5.293796572524994,5.357279636805366) q[2],q[1];
sx q[3];
h q[4];
rcccx q[2],q[3],q[1],q[4];
c3sqrtx q[3],q[0],q[2],q[1];
y q[4];
c3sqrtx q[2],q[4],q[3],q[1];
c3sqrtx q[1],q[2],q[4],q[3];
c3sqrtx q[3],q[4],q[2],q[0];
x q[1];
rz(2.9807947419963092) q[3];
sdg q[4];
rccx q[1],q[2],q[0];
c3sqrtx q[4],q[2],q[3],q[1];
measure q[0] -> c[0];
measure q[1] -> c[1];
measure q[2] -> c[2];
measure q[3] -> c[3];
measure q[4] -> c[4];","{
    ""10010"": 0.0078125,
    ""11010"": 0.0146484375,
    ""00010"": 0.0107421875,
    ""01010"": 0.013671875,
    ""11011"": 0.25,
    ""10011"": 0.224609375,
    ""00011"": 0.244140625,
    ""01011"": 0.234375
}"
circuit_images/q05_d008_0001.png,5,"OPENQASM 2.0;
include ""qelib1.inc"";
gate rzx(param0) q0,q1 { h q1; cx q0,q1; rz(param0) q1; cx q0,q1; h q1; }
gate ecr q0,q1 { rzx(pi/4) q0,q1; x q0; rzx(-pi/4) q0,q1; }
gate csdg q0,q1 { p(-pi/4) q0; cx q0,q1; p(pi/4) q1; cx q0,q1; p(-pi/4) q1; }
gate rcccx q0,q1,q2,q3 { u2(0,pi) q3; u1(pi/4) q3; cx q2,q3; u1(-pi/4) q3; u2(0,pi) q3; cx q0,q3; u1(pi/4) q3; cx q1,q3; u1(-pi/4) q3; cx q0,q3; u1(pi/4) q3; cx q1,q3; u1(-pi/4) q3; u2(0,pi) q3; u1(pi/4) q3; cx q2,q3; u1(-pi/4) q3; u2(0,pi) q3; }
gate ccz q0,q1,q2 { h q2; ccx q0,q1,q2; h q2; }
qreg q[5];
creg c[5];
cswap q[0],q[4],q[2];
ecr q[1],q[3];
cswap q[2],q[4],q[3];
ch q[1],q[0];
cu(2.1837806922035923,6.115428740806536,0.5708353467413589,6.044631737306303) q[0],q[2];
ccx q[3],q[1],q[4];
rzx(3.172451542755195) q[3],q[0];
ccx q[4],q[1],q[2];
crz(0.4948529274365878) q[3],q[4];
cu1(6.068176828987063) q[1],q[2];
s q[0];
ch q[1],q[0];
csdg q[3],q[2];
y q[4];
rcccx q[4],q[3],q[0],q[2];
ccz q[4],q[0],q[3];
cx q[1],q[2];
measure q[0] -> c[0];
measure q[1] -> c[1];
measure q[2] -> c[2];
measure q[3] -> c[3];
measure q[4] -> c[4];","{
    ""01011"": 0.1513671875,
    ""10010"": 0.1123046875,
    ""01111"": 0.1025390625,
    ""10110"": 0.1416015625,
    ""10011"": 0.0927734375,
    ""01110"": 0.0927734375,
    ""01010"": 0.1318359375,
    ""10111"": 0.1748046875
}"
circuit_images/q05_d017_0000.png,5,"OPENQASM 2.0;
include ""qelib1.inc"";
gate r(param0,param1) q0 { u3(param0,param1 - pi/2,pi/2 - param1) q0; }
gate rzx(param0) q0,q1 { h q1; cx q0,q1; rz(param0) q1; cx q0,q1; h q1; }
gate cs q0,q1 { p(pi/4) q0; cx q0,q1; p(-pi/4) q1; cx q0,q1; p(pi/4) q1; }
gate rcccx q0,q1,q2,q3 { u2(0,pi) q3; u1(pi/4) q3; cx q2,q3; u1(-pi/4) q3; u2(0,pi) q3; cx q0,q3; u1(pi/4) q3; cx q1,q3; u1(-pi/4) q3; cx q0,q3; u1(pi/4) q3; cx q1,q3; u1(-pi/4) q3; u2(0,pi) q3; u1(pi/4) q3; cx q2,q3; u1(-pi/4) q3; u2(0,pi) q3; }
gate iswap q0,q1 { s q0; s q1; h q0; cx q0,q1; cx q1,q0; h q1; }
qreg q[5];
creg c[5];
c3sqrtx q[1],q[3],q[2],q[0];
r(0.2182492813289091,4.782712501062695) q[4];
swap q[3],q[4];
ccx q[2],q[1],q[0];
c3sqrtx q[3],q[1],q[4],q[0];
cu3(4.6578378108300145,0.9709410093805464,1.4292225834157584) q[3],q[1];
rccx q[2],q[0],q[4];
cp(2.7832009887055085) q[0],q[2];
rzx(4.561774775333935) q[3],q[1];
cswap q[4],q[2],q[1];
cs q[1],q[0];
ccx q[4],q[3],q[2];
csx q[2],q[1];
cswap q[0],q[3],q[4];
c3sqrtx q[0],q[3],q[2],q[4];
rcccx q[3],q[2],q[1],q[0];
rccx q[4],q[3],q[1];
ccx q[2],q[0],q[1];
c3sqrtx q[3],q[0],q[4],q[2];
rcccx q[1],q[3],q[4],q[2];
cu1(5.383377364184561) q[4],q[2];
rccx q[0],q[3],q[1];
iswap q[4],q[1];
cswap q[0],q[3],q[2];
rxx(4.473512079634681) q[1],q[2];
rccx q[4],q[0],q[3];
measure q[0] -> c[0];
measure q[1] -> c[1];
measure q[2] -> c[2];
measure q[3] -> c[3];
measure q[4] -> c[4];","{
    ""11000"": 0.001953125,
    ""11110"": 0.00390625,
    ""00000"": 0.1572265625,
    ""10000"": 0.212890625,
    ""00110"": 0.2646484375,
    ""10110"": 0.359375
}"
circuit_images/q05_d006_0001.png,5,"OPENQASM 2.0;
include ""qelib1.inc"";
gate ccz q0,q1,q2 { h q2; ccx q0,q1,q2; h q2; }
gate rcccx q0,q1,q2,q3 { u2(0,pi) q3; u1(pi/4) q3; cx q2,q3; u1(-pi/4) q3; u2(0,pi) q3; cx q0,q3; u1(pi/4) q3; cx q1,q3; u1(-pi/4) q3; cx q0,q3; u1(pi/4) q3; cx q1,q3; u1(-pi/4) q3; u2(0,pi) q3; u1(pi/4) q3; cx q2,q3; u1(-pi/4) q3; u2(0,pi) q3; }
qreg q[5];
creg c[5];
rz(2.328348404755948) q[1];
rccx q[2],q[3],q[0];
ccz q[1],q[4],q[0];
crx(2.322371371984409) q[3],q[2];
rx(5.618029918029186) q[1];
ccz q[2],q[0],q[3];
cswap q[1],q[3],q[4];
csx q[0],q[2];
rz(2.5438546208706256) q[4];
c3sqrtx q[3],q[1],q[2],q[0];
rcccx q[0],q[1],q[4],q[3];
measure q[0] -> c[0];
measure q[1] -> c[1];
measure q[2] -> c[2];
measure q[3] -> c[3];
measure q[4] -> c[4];","{
    ""00010"": 0.1015625,
    ""00000"": 0.8984375
}"
circuit_images/q05_d019_0000.png,5,"OPENQASM 2.0;
include ""qelib1.inc"";
gate ccz q0,q1,q2 { h q2; ccx q0,q1,q2; h q2; }
gate rcccx q0,q1,q2,q3 { u2(0,pi) q3; u1(pi/4) q3; cx q2,q3; u1(-pi/4) q3; u2(0,pi) q3; cx q0,q3; u1(pi/4) q3; cx q1,q3; u1(-pi/4) q3; cx q0,q3; u1(pi/4) q3; cx q1,q3; u1(-pi/4) q3; u2(0,pi) q3; u1(pi/4) q3; cx q2,q3; u1(-pi/4) q3; u2(0,pi) q3; }
qreg q[5];
creg c[5];
cswap q[1],q[0],q[3];
cry(2.225233271823153) q[2],q[4];
u3(3.822004037226276,3.9412599154195034,1.1128533902794386) q[4];
c3sqrtx q[0],q[3],q[2],q[1];
rz(2.989225759275861) q[1];
u3(3.481711750403478,5.987266492876958,5.611976562188603) q[0];
ccz q[3],q[4],q[2];
c3sqrtx q[4],q[3],q[0],q[1];
rcccx q[4],q[0],q[2],q[3];
cswap q[4],q[1],q[3];
sdg q[4];
c3sqrtx q[0],q[2],q[1],q[3];
cswap q[4],q[2],q[1];
rx(3.1484026586943896) q[0];
u2(0.05379640034297853,3.7121009519259798) q[2];
cswap q[0],q[4],q[3];
cswap q[3],q[4],q[1];
ccz q[3],q[2],q[4];
rcccx q[0],q[2],q[3],q[1];
rcccx q[0],q[4],q[1],q[2];
c3sqrtx q[4],q[2],q[1],q[3];
ccz q[2],q[4],q[0];
rcccx q[4],q[0],q[1],q[2];
u(0.858025589679355,1.9419205384273144,0.5143736544261712) q[3];
ccz q[4],q[1],q[2];
ccz q[1],q[4],q[0];
rcccx q[4],q[1],q[0],q[3];
measure q[0] -> c[0];
measure q[1] -> c[1];
measure q[2] -> c[2];
measure q[3] -> c[3];
measure q[4] -> c[4];","{
    ""00101"": 0.0009765625,
    ""00000"": 0.0498046875,
    ""00001"": 0.0009765625,
    ""01111"": 0.0107421875,
    ""11100"": 0.0693359375,
    ""01001"": 0.009765625,
    ""01100"": 0.0087890625,
    ""01000"": 0.0205078125,
    ""11000"": 0.06640625,
    ""00100"": 0.037109375,
    ""10000"": 0.34765625,
    ""00111"": 0.0048828125,
    ""10100"": 0.373046875
}"
circuit_images/q05_d009_0000.png,5,"OPENQASM 2.0;
include ""qelib1.inc"";
gate csdg q0,q1 { p(-pi/4) q0; cx q0,q1; p(pi/4) q1; cx q0,q1; p(-pi/4) q1; }
gate r(param0,param1) q0 { u3(param0,param1 - pi/2,pi/2 - param1) q0; }
gate cs q0,q1 { p(pi/4) q0; cx q0,q1; p(-pi/4) q1; cx q0,q1; p(pi/4) q1; }
gate rzx(param0) q0,q1 { h q1; cx q0,q1; rz(param0) q1; cx q0,q1; h q1; }
qreg q[5];
creg c[5];
csdg q[1],q[0];
cswap q[2],q[3],q[4];
ccx q[3],q[1],q[0];
sdg q[4];
cp(2.1885046612118755) q[0],q[3];
crx(0.15304963711965439) q[2],q[4];
u1(1.2066366681627416) q[1];
crz(4.374039893419298) q[0],q[4];
id q[1];
rxx(2.5303404530710916) q[2],q[3];
rccx q[4],q[1],q[2];
cu3(5.050316283866923,1.1149630132830244,0.6296313851677043) q[3],q[0];
r(3.7555380688864997,3.0295224606515805) q[3];
cp(2.651131303255566) q[1],q[0];
cs q[2],q[4];
rzz(3.09490053549732) q[3],q[0];
crz(0.8358847067566957) q[1],q[4];
cs q[0],q[1];
rxx(2.071995135868776) q[4],q[3];
ry(4.443640823364052) q[2];
rzx(2.3144351857818544) q[1],q[0];
measure q[0] -> c[0];
measure q[1] -> c[1];
measure q[2] -> c[2];
measure q[3] -> c[3];
measure q[4] -> c[4];","{
    ""01000"": 0.0029296875,
    ""11000"": 0.2900390625,
    ""10100"": 0.0400390625,
    ""11101"": 0.0390625,
    ""10101"": 0.0654296875,
    ""11100"": 0.150390625,
    ""00001"": 0.041015625,
    ""00000"": 0.107421875,
    ""11001"": 0.1494140625,
    ""01101"": 0.025390625,
    ""00100"": 0.05078125,
    ""10000"": 0.0126953125,
    ""01100"": 0.013671875,
    ""01001"": 0.0009765625,
    ""00101"": 0.0107421875
}"
circuit_images/q05_d006_0002.png,5,"OPENQASM 2.0;
include ""qelib1.inc"";
gate ccz q0,q1,q2 { h q2; ccx q0,q1,q2; h q2; }
gate rzx(param0) q0,q1 { h q1; cx q0,q1; rz(param0) q1; cx q0,q1; h q1; }
gate ecr q0,q1 { rzx(pi/4) q0,q1; x q0; rzx(-pi/4) q0,q1; }
gate r(param0,param1) q0 { u3(param0,param1 - pi/2,pi/2 - param1) q0; }
gate rcccx q0,q1,q2,q3 { u2(0,pi) q3; u1(pi/4) q3; cx q2,q3; u1(-pi/4) q3; u2(0,pi) q3; cx q0,q3; u1(pi/4) q3; cx q1,q3; u1(-pi/4) q3; cx q0,q3; u1(pi/4) q3; cx q1,q3; u1(-pi/4) q3; u2(0,pi) q3; u1(pi/4) q3; cx q2,q3; u1(-pi/4) q3; u2(0,pi) q3; }
qreg q[5];
creg c[5];
ccz q[4],q[3],q[1];
ecr q[2],q[0];
ccz q[3],q[1],q[0];
r(3.0874942686004268,2.6397246615809458) q[2];
sdg q[4];
cswap q[1],q[0],q[4];
rz(1.710266200971243) q[2];
rz(3.771921422877238) q[3];
rcccx q[2],q[3],q[1],q[0];
ccx q[0],q[2],q[1];
h q[3];
ry(5.005998574827501) q[4];
ccz q[2],q[3],q[1];
measure q[0] -> c[0];
measure q[1] -> c[1];
measure q[2] -> c[2];
measure q[3] -> c[3];
measure q[4] -> c[4];","{
    ""11000"": 0.0859375,
    ""10001"": 0.083984375,
    ""00001"": 0.1708984375,
    ""11001"": 0.0986328125,
    ""00000"": 0.154296875,
    ""00100"": 0.0009765625,
    ""11111"": 0.0009765625,
    ""10000"": 0.09375,
    ""01000"": 0.158203125,
    ""01001"": 0.15234375
}"
circuit_images/q05_d015_0000.png,5,"OPENQASM 2.0;
include ""qelib1.inc"";
gate r(param0,param1) q0 { u3(param0,param1 - pi/2,pi/2 - param1) q0; }
gate rcccx q0,q1,q2,q3 { u2(0,pi) q3; u1(pi/4) q3; cx q2,q3; u1(-pi/4) q3; u2(0,pi) q3; cx q0,q3; u1(pi/4) q3; cx q1,q3; u1(-pi/4) q3; cx q0,q3; u1(pi/4) q3; cx q1,q3; u1(-pi/4) q3; u2(0,pi) q3; u1(pi/4) q3; cx q2,q3; u1(-pi/4) q3; u2(0,pi) q3; }
qreg q[5];
creg c[5];
c3sqrtx q[2],q[4],q[3],q[1];
r(2.8438776782278787,4.263324793497455) q[0];
c3sqrtx q[0],q[2],q[4],q[1];
s q[3];
c3sqrtx q[2],q[3],q[4],q[1];
tdg q[0];
id q[1];
u1(4.843701281951437) q[2];
x q[4];
ch q[0],q[3];
rcccx q[4],q[2],q[3],q[0];
u1(2.191417314924902) q[1];
rz(1.589772886976934) q[4];
rccx q[2],q[1],q[3];
r(6.105072498639319,2.1820733390398046) q[0];
rx(4.016695541993992) q[1];
s q[2];
ccx q[4],q[3],q[0];
rcccx q[2],q[4],q[3],q[1];
y q[0];
u(4.255572965066268,2.8065989647451874,6.2620042791357795) q[0];
tdg q[3];
u1(5.199343130722121) q[2];
c3sqrtx q[1],q[4],q[0],q[3];
x q[2];
u2(3.2054539749648066,0.19303303575894984) q[1];
x q[3];
cswap q[4],q[2],q[0];
ry(1.0345549150962698) q[2];
rcccx q[3],q[4],q[0],q[1];
p(3.8902792079676773) q[0];
u3(3.4609397015493593,0.42645159761631646,4.7225981359113245) q[4];
u2(2.70371020075025,0.9156339316995609) q[3];
ry(5.3532712439188215) q[1];
h q[2];
c3sqrtx q[2],q[3],q[1],q[0];
rx(3.3972711753727918) q[1];
rcccx q[4],q[3],q[2],q[0];
measure q[0] -> c[0];
measure q[1] -> c[1];
measure q[2] -> c[2];
measure q[3] -> c[3];
measure q[4] -> c[4];","{
    ""11011"": 0.0009765625,
    ""01110"": 0.001953125,
    ""11101"": 0.0029296875,
    ""01111"": 0.3955078125,
    ""01100"": 0.0419921875,
    ""01101"": 0.0634765625,
    ""01001"": 0.017578125,
    ""00101"": 0.025390625,
    ""10001"": 0.0029296875,
    ""11110"": 0.01171875,
    ""01011"": 0.03125,
    ""00011"": 0.0869140625,
    ""00111"": 0.107421875,
    ""10111"": 0.001953125,
    ""00001"": 0.205078125,
    ""11100"": 0.001953125,
    ""10101"": 0.0009765625
}"
circuit_images/q05_d009_0001.png,5,"OPENQASM 2.0;
include ""qelib1.inc"";
gate rcccx q0,q1,q2,q3 { u2(0,pi) q3; u1(pi/4) q3; cx q2,q3; u1(-pi/4) q3; u2(0,pi) q3; cx q0,q3; u1(pi/4) q3; cx q1,q3; u1(-pi/4) q3; cx q0,q3; u1(pi/4) q3; cx q1,q3; u1(-pi/4) q3; u2(0,pi) q3; u1(pi/4) q3; cx q2,q3; u1(-pi/4) q3; u2(0,pi) q3; }
gate rzx(param0) q0,q1 { h q1; cx q0,q1; rz(param0) q1; cx q0,q1; h q1; }
gate ryy(param0) q0,q1 { rx(pi/2) q0; rx(pi/2) q1; cx q0,q1; rz(param0) q1; cx q0,q1; rx(-pi/2) q0; rx(-pi/2) q1; }
qreg q[5];
creg c[5];
c3sqrtx q[0],q[2],q[1],q[3];
ry(5.341313174762451) q[4];
rcccx q[3],q[4],q[2],q[0];
c3sqrtx q[4],q[0],q[1],q[3];
c3sqrtx q[2],q[3],q[1],q[0];
rx(5.960915803739541) q[3];
rzx(2.288220963037426) q[2],q[4];
ryy(5.773939890797063) q[0],q[1];
u2(4.753235002629529,2.499748851348996) q[1];
rcccx q[0],q[4],q[3],q[2];
rcccx q[0],q[3],q[1],q[4];
rcccx q[1],q[0],q[4],q[2];
x q[3];
p(1.1789657832739633) q[1];
sdg q[2];
rzz(0.9629548964773335) q[0],q[3];
measure q[0] -> c[0];
measure q[1] -> c[1];
measure q[2] -> c[2];
measure q[3] -> c[3];
measure q[4] -> c[4];","{
    ""10101"": 0.001953125,
    ""01011"": 0.01171875,
    ""10010"": 0.0107421875,
    ""00010"": 0.0029296875,
    ""00000"": 0.0029296875,
    ""11010"": 0.3271484375,
    ""10000"": 0.0068359375,
    ""11111"": 0.025390625,
    ""01001"": 0.0087890625,
    ""01000"": 0.1396484375,
    ""11000"": 0.294921875,
    ""11001"": 0.0146484375,
    ""01010"": 0.15234375
}"
circuit_images/q05_d008_0002.png,5,"OPENQASM 2.0;
include ""qelib1.inc"";
gate rcccx q0,q1,q2,q3 { u2(0,pi) q3; u1(pi/4) q3; cx q2,q3; u1(-pi/4) q3; u2(0,pi) q3; cx q0,q3; u1(pi/4) q3; cx q1,q3; u1(-pi/4) q3; cx q0,q3; u1(pi/4) q3; cx q1,q3; u1(-pi/4) q3; u2(0,pi) q3; u1(pi/4) q3; cx q2,q3; u1(-pi/4) q3; u2(0,pi) q3; }
gate dcx q0,q1 { cx q0,q1; cx q1,q0; }
gate ccz q0,q1,q2 { h q2; ccx q0,q1,q2; h q2; }
qreg q[5];
creg c[5];
rcccx q[2],q[4],q[0],q[3];
z q[1];
dcx q[4],q[2];
cswap q[1],q[0],q[3];
ccz q[2],q[0],q[4];
rcccx q[4],q[3],q[0],q[2];
rcccx q[3],q[2],q[0],q[4];
rccx q[4],q[3],q[2];
swap q[0],q[1];
rcccx q[1],q[0],q[4],q[3];
sdg q[2];
c3sqrtx q[3],q[0],q[4],q[2];
measure q[0] -> c[0];
measure q[1] -> c[1];
measure q[2] -> c[2];
measure q[3] -> c[3];
measure q[4] -> c[4];","{
    ""00000"": 1.0
}"
circuit_images/q05_d009_0002.png,5,"OPENQASM 2.0;
include ""qelib1.inc"";
gate r(param0,param1) q0 { u3(param0,param1 - pi/2,pi/2 - param1) q0; }
gate rzx(param0) q0,q1 { h q1; cx q0,q1; rz(param0) q1; cx q0,q1; h q1; }
gate ecr q0,q1 { rzx(pi/4) q0,q1; x q0; rzx(-pi/4) q0,q1; }
gate dcx q0,q1 { cx q0,q1; cx q1,q0; }
gate csdg q0,q1 { p(-pi/4) q0; cx q0,q1; p(pi/4) q1; cx q0,q1; p(-pi/4) q1; }
qreg q[5];
creg c[5];
t q[4];
id q[2];
r(4.762435150280291,1.2053306174949303) q[0];
crz(5.353482566638003) q[1],q[3];
s q[2];
ecr q[1],q[4];
cu1(4.653698439355381) q[0],q[3];
id q[1];
cx q[3],q[2];
rxx(5.420557370493953) q[4],q[0];
rxx(1.7239126317800681) q[3],q[0];
dcx q[1],q[4];
u2(2.942277084791878,0.6669503732714516) q[2];
csdg q[3],q[2];
sx q[0];
sdg q[4];
u1(3.637338881009146) q[1];
id q[4];
sdg q[2];
u(4.18919153196588,2.698387976997187,4.732930291677496) q[0];
id q[1];
rx(1.0383444784173694) q[2];
rzz(6.235039793937899) q[4],q[0];
ccx q[3],q[1],q[2];
dcx q[4],q[0];
r(1.1707561517863854,1.3363216543574996) q[0];
ecr q[3],q[1];
sx q[2];
measure q[0] -> c[0];
measure q[1] -> c[1];
measure q[2] -> c[2];
measure q[3] -> c[3];
measure q[4] -> c[4];","{
    ""01001"": 0.0087890625,
    ""11101"": 0.013671875,
    ""01101"": 0.001953125,
    ""10110"": 0.0390625,
    ""10101"": 0.0458984375,
    ""00110"": 0.0400390625,
    ""00001"": 0.0517578125,
    ""11100"": 0.015625,
    ""10010"": 0.041015625,
    ""00010"": 0.06640625,
    ""10000"": 0.0087890625,
    ""11000"": 0.0380859375,
    ""11011"": 0.076171875,
    ""11111"": 0.03125,
    ""00100"": 0.0517578125,
    ""10001"": 0.0595703125,
    ""00101"": 0.03125,
    ""11010"": 0.015625,
    ""01011"": 0.02734375,
    ""00011"": 0.015625,
    ""00111"": 0.02734375,
    ""01010"": 0.0400390625,
    ""01000"": 0.05859375,
    ""01100"": 0.0205078125,
    ""01111"": 0.0166015625,
    ""10011"": 0.0224609375,
    ""01110"": 0.013671875,
    ""11110"": 0.0068359375,
    ""00000"": 0.04296875,
    ""11001"": 0.0419921875,
    ""10111"": 0.0205078125,
    ""10100"": 0.0087890625
}"
circuit_images/q05_d007_0000.png,5,"OPENQASM 2.0;
include ""qelib1.inc"";
gate r(param0,param1) q0 { u3(param0,param1 - pi/2,pi/2 - param1) q0; }
gate ccz q0,q1,q2 { h q2; ccx q0,q1,q2; h q2; }
gate rcccx q0,q1,q2,q3 { u2(0,pi) q3; u1(pi/4) q3; cx q2,q3; u1(-pi/4) q3; u2(0,pi) q3; cx q0,q3; u1(pi/4) q3; cx q1,q3; u1(-pi/4) q3; cx q0,q3; u1(pi/4) q3; cx q1,q3; u1(-pi/4) q3; u2(0,pi) q3; u1(pi/4) q3; cx q2,q3; u1(-pi/4) q3; u2(0,pi) q3; }
qreg q[5];
creg c[5];
r(1.6560692786756743,0.7869793467697553) q[2];
ccz q[1],q[0],q[4];
ccx q[4],q[1],q[2];
swap q[0],q[3];
rcccx q[4],q[2],q[1],q[0];
s q[3];
c3sqrtx q[1],q[4],q[3],q[2];
p(5.456643534751332) q[0];
id q[1];
c3sqrtx q[2],q[3],q[4],q[0];
rx(1.4867619135792876) q[2];
t q[0];
rcccx q[0],q[4],q[1],q[2];
y q[3];
measure q[0] -> c[0];
measure q[1] -> c[1];
measure q[2] -> c[2];
measure q[3] -> c[3];
measure q[4] -> c[4];","{
    ""01000"": 0.1455078125,
    ""01100"": 0.8544921875
}"
circuit_images/q05_d013_0000.png,5,"OPENQASM 2.0;
include ""qelib1.inc"";
gate ryy(param0) q0,q1 { rx(pi/2) q0; rx(pi/2) q1; cx q0,q1; rz(param0) q1; cx q0,q1; rx(-pi/2) q0; rx(-pi/2) q1; }
gate xx_minus_yy(param0,param1) q0,q1 { rz(-param1) q1; rz(-pi/2) q0; sx q0; rz(pi/2) q0; s q1; cx q0,q1; ry(param0/2) q0; ry(-param0/2) q1; cx q0,q1; sdg q1; rz(-pi/2) q0; sxdg q0; rz(pi/2) q0; rz(param1) q1; }
gate iswap q0,q1 { s q0; s q1; h q0; cx q0,q1; cx q1,q0; h q1; }
gate rcccx q0,q1,q2,q3 { u2(0,pi) q3; u1(pi/4) q3; cx q2,q3; u1(-pi/4) q3; u2(0,pi) q3; cx q0,q3; u1(pi/4) q3; cx q1,q3; u1(-pi/4) q3; cx q0,q3; u1(pi/4) q3; cx q1,q3; u1(-pi/4) q3; u2(0,pi) q3; u1(pi/4) q3; cx q2,q3; u1(-pi/4) q3; u2(0,pi) q3; }
gate ccz q0,q1,q2 { h q2; ccx q0,q1,q2; h q2; }
qreg q[5];
creg c[5];
ccx q[1],q[4],q[3];
ryy(5.990292700742912) q[2],q[0];
rxx(3.3025825823170805) q[1],q[0];
cswap q[4],q[3],q[2];
cswap q[2],q[1],q[4];
h q[3];
rccx q[4],q[3],q[1];
cp(1.5885907555950987) q[2],q[0];
cy q[3],q[4];
ccx q[2],q[1],q[0];
cry(3.038039120786868) q[2],q[4];
crx(3.52907001104561) q[0],q[1];
swap q[0],q[1];
ccx q[3],q[2],q[4];
xx_minus_yy(1.6682134106927764,5.600754494715761) q[0],q[3];
cswap q[1],q[2],q[4];
swap q[3],q[2];
rccx q[4],q[1],q[0];
crx(3.3286665670199573) q[0],q[2];
iswap q[1],q[3];
rcccx q[2],q[1],q[0],q[3];
z q[1];
iswap q[4],q[2];
ccz q[2],q[1],q[4];
measure q[0] -> c[0];
measure q[1] -> c[1];
measure q[2] -> c[2];
measure q[3] -> c[3];
measure q[4] -> c[4];","{
    ""01101"": 0.00390625,
    ""00001"": 0.00390625,
    ""00000"": 0.001953125,
    ""00010"": 0.0048828125,
    ""10100"": 0.0029296875,
    ""01011"": 0.0107421875,
    ""00011"": 0.0068359375,
    ""01010"": 0.005859375,
    ""11001"": 0.0107421875,
    ""01001"": 0.267578125,
    ""01000"": 0.224609375,
    ""11010"": 0.4560546875
}"
circuit_images/q05_d020_0001.png,5,"OPENQASM 2.0;
include ""qelib1.inc"";
gate rcccx q0,q1,q2,q3 { u2(0,pi) q3; u1(pi/4) q3; cx q2,q3; u1(-pi/4) q3; u2(0,pi) q3; cx q0,q3; u1(pi/4) q3; cx q1,q3; u1(-pi/4) q3; cx q0,q3; u1(pi/4) q3; cx q1,q3; u1(-pi/4) q3; u2(0,pi) q3; u1(pi/4) q3; cx q2,q3; u1(-pi/4) q3; u2(0,pi) q3; }
gate r(param0,param1) q0 { u3(param0,param1 - pi/2,pi/2 - param1) q0; }
gate ccz q0,q1,q2 { h q2; ccx q0,q1,q2; h q2; }
gate cs q0,q1 { p(pi/4) q0; cx q0,q1; p(-pi/4) q1; cx q0,q1; p(pi/4) q1; }
gate csdg q0,q1 { p(-pi/4) q0; cx q0,q1; p(pi/4) q1; cx q0,q1; p(-pi/4) q1; }
qreg q[5];
creg c[5];
z q[0];
rx(5.9413791736361) q[2];
cswap q[4],q[1],q[3];
rcccx q[4],q[1],q[3],q[2];
ry(2.3258937895840663) q[2];
r(5.375385586351521,2.203398812313027) q[0];
crz(2.95087438239747) q[4],q[1];
u(0.9275914911206871,0.7643294700483462,2.9239625616928016) q[3];
crx(0.748147768544297) q[4],q[3];
ccx q[2],q[1],q[0];
u(4.3778304874397085,2.8648480226362776,3.929436157865869) q[2];
rccx q[1],q[0],q[4];
id q[3];
sdg q[4];
sxdg q[2];
ccz q[3],q[0],q[1];
ccz q[2],q[4],q[0];
rxx(4.192312013294743) q[3],q[1];
rccx q[0],q[1],q[3];
cry(2.5623029578782655) q[4],q[2];
p(4.35809454998307) q[1];
ccx q[3],q[0],q[2];
sxdg q[4];
u3(4.649005642689655,4.304958431697825,5.0728571713768) q[4];
z q[3];
ccz q[1],q[0],q[2];
u(0.36545932979082596,4.734102400978329,0.18543610898836219) q[2];
cs q[4],q[3];
cu(2.0747103128794686,4.4231736950713305,5.6992477776982176,5.690849108809659) q[1],q[0];
rz(2.3776989758864864) q[0];
crx(6.178362469428039) q[3],q[4];
csdg q[2],q[1];
rcccx q[4],q[1],q[3],q[0];
s q[2];
id q[1];
rx(1.5688776341642092) q[3];
rxx(4.5968539985511265) q[2],q[4];
id q[2];
rccx q[4],q[3],q[1];
swap q[0],q[3];
cp(3.76601227812935) q[1],q[4];
r(0.6876014766734694,1.5495921503741852) q[2];
rzz(2.4516501413266973) q[0],q[1];
crx(1.831505465941162) q[3],q[4];
rcccx q[3],q[4],q[2],q[1];
crx(3.5543120677609643) q[4],q[0];
rccx q[1],q[3],q[2];
rz(5.524909163580399) q[0];
crx(4.119299836508312) q[2],q[1];
y q[4];
rz(4.737385649878781) q[3];
measure q[0] -> c[0];
measure q[1] -> c[1];
measure q[2] -> c[2];
measure q[3] -> c[3];
measure q[4] -> c[4];","{
    ""00100"": 0.00390625,
    ""00111"": 0.0009765625,
    ""10001"": 0.005859375,
    ""10110"": 0.017578125,
    ""10010"": 0.0263671875,
    ""10101"": 0.064453125,
    ""11100"": 0.0400390625,
    ""11010"": 0.080078125,
    ""01001"": 0.017578125,
    ""00101"": 0.001953125,
    ""01110"": 0.0166015625,
    ""01011"": 0.009765625,
    ""10000"": 0.0419921875,
    ""00001"": 0.0498046875,
    ""00110"": 0.02734375,
    ""01101"": 0.0390625,
    ""01010"": 0.0166015625,
    ""00000"": 0.1357421875,
    ""11001"": 0.0869140625,
    ""01000"": 0.0390625,
    ""01100"": 0.0615234375,
    ""11110"": 0.0068359375,
    ""10011"": 0.087890625,
    ""11011"": 0.0322265625,
    ""11111"": 0.0087890625,
    ""11000"": 0.0029296875,
    ""10111"": 0.0068359375,
    ""10100"": 0.0322265625,
    ""00011"": 0.01171875,
    ""01111"": 0.0009765625,
    ""00010"": 0.0224609375,
    ""11101"": 0.00390625
}"
circuit_images/q05_d015_0001.png,5,"OPENQASM 2.0;
include ""qelib1.inc"";
gate ryy(param0) q0,q1 { rx(pi/2) q0; rx(pi/2) q1; cx q0,q1; rz(param0) q1; cx q0,q1; rx(-pi/2) q0; rx(-pi/2) q1; }
gate rcccx q0,q1,q2,q3 { u2(0,pi) q3; u1(pi/4) q3; cx q2,q3; u1(-pi/4) q3; u2(0,pi) q3; cx q0,q3; u1(pi/4) q3; cx q1,q3; u1(-pi/4) q3; cx q0,q3; u1(pi/4) q3; cx q1,q3; u1(-pi/4) q3; u2(0,pi) q3; u1(pi/4) q3; cx q2,q3; u1(-pi/4) q3; u2(0,pi) q3; }
gate rzx(param0) q0,q1 { h q1; cx q0,q1; rz(param0) q1; cx q0,q1; h q1; }
gate ecr q0,q1 { rzx(pi/4) q0,q1; x q0; rzx(-pi/4) q0,q1; }
gate cs q0,q1 { p(pi/4) q0; cx q0,q1; p(-pi/4) q1; cx q0,q1; p(pi/4) q1; }
gate iswap q0,q1 { s q0; s q1; h q0; cx q0,q1; cx q1,q0; h q1; }
gate xx_plus_yy(param0,param1) q0,q1 { rz(param1) q0; rz(-pi/2) q1; sx q1; rz(pi/2) q1; s q0; cx q1,q0; ry(-param0/2) q1; ry(-param0/2) q0; cx q1,q0; sdg q0; rz(-pi/2) q1; sxdg q1; rz(pi/2) q1; rz(-param1) q0; }
gate csdg q0,q1 { p(-pi/4) q0; cx q0,q1; p(pi/4) q1; cx q0,q1; p(-pi/4) q1; }
gate ccz q0,q1,q2 { h q2; ccx q0,q1,q2; h q2; }
gate xx_minus_yy(param0,param1) q0,q1 { rz(-param1) q1; rz(-pi/2) q0; sx q0; rz(pi/2) q0; s q1; cx q0,q1; ry(param0/2) q0; ry(-param0/2) q1; cx q0,q1; sdg q1; rz(-pi/2) q0; sxdg q0; rz(pi/2) q0; rz(param1) q1; }
qreg q[5];
creg c[5];
ryy(2.477717052343368) q[4],q[1];
cry(1.614851661311808) q[3],q[2];
sxdg q[0];
crz(2.1136971274965664) q[3],q[1];
cu3(3.3236068775677796,2.7660868525898548,5.2038121461097155) q[2],q[4];
rcccx q[3],q[1],q[0],q[2];
ecr q[3],q[0];
u3(0.5787542500040621,4.254080170626149,5.559679772980991) q[2];
rzx(3.506600298716647) q[1],q[4];
ecr q[2],q[1];
cz q[4],q[3];
cs q[4],q[3];
cswap q[1],q[2],q[0];
crx(0.4274246759838149) q[2],q[1];
cp(5.257617047276902) q[0],q[4];
iswap q[0],q[1];
sdg q[2];
xx_plus_yy(3.1905761736620946,4.629879635245223) q[4],q[3];
csdg q[1],q[2];
rxx(1.3632602788715809) q[3],q[0];
cu(0.8500722535784309,6.046674421919178,2.5935453848461556,4.074424035959748) q[0],q[4];
ccz q[3],q[2],q[1];
tdg q[3];
xx_plus_yy(4.900941652712692,0.12281737165808965) q[1],q[4];
ryy(5.520396707919485) q[2],q[0];
cy q[2],q[1];
cp(4.02738845113251) q[3],q[4];
ccz q[4],q[3],q[1];
cry(1.5913650067287675) q[0],q[2];
rxx(2.285847364029433) q[4],q[3];
cs q[0],q[1];
xx_minus_yy(2.102281378231477,2.9144533843444758) q[1],q[4];
cry(0.7740784884446451) q[2],q[3];
measure q[0] -> c[0];
measure q[1] -> c[1];
measure q[2] -> c[2];
measure q[3] -> c[3];
measure q[4] -> c[4];","{
    ""10010"": 0.0048828125,
    ""01110"": 0.091796875,
    ""01010"": 0.0087890625,
    ""01011"": 0.1044921875,
    ""10101"": 0.044921875,
    ""11100"": 0.078125,
    ""11010"": 0.0185546875,
    ""01001"": 0.0810546875,
    ""00101"": 0.01171875,
    ""10001"": 0.0078125,
    ""01101"": 0.009765625,
    ""01111"": 0.1083984375,
    ""10110"": 0.04296875,
    ""00010"": 0.1181640625,
    ""00011"": 0.044921875,
    ""00111"": 0.00390625,
    ""11110"": 0.02734375,
    ""11011"": 0.0224609375,
    ""11111"": 0.021484375,
    ""11000"": 0.00390625,
    ""00000"": 0.0302734375,
    ""11001"": 0.0185546875,
    ""01100"": 0.009765625,
    ""01000"": 0.0146484375,
    ""00001"": 0.029296875,
    ""00110"": 0.005859375,
    ""11101"": 0.013671875,
    ""10011"": 0.005859375,
    ""10111"": 0.01171875,
    ""10100"": 0.0048828125
}"
circuit_images/q05_d018_0000.png,5,"OPENQASM 2.0;
include ""qelib1.inc"";
gate ccz q0,q1,q2 { h q2; ccx q0,q1,q2; h q2; }
gate rzx(param0) q0,q1 { h q1; cx q0,q1; rz(param0) q1; cx q0,q1; h q1; }
gate rcccx q0,q1,q2,q3 { u2(0,pi) q3; u1(pi/4) q3; cx q2,q3; u1(-pi/4) q3; u2(0,pi) q3; cx q0,q3; u1(pi/4) q3; cx q1,q3; u1(-pi/4) q3; cx q0,q3; u1(pi/4) q3; cx q1,q3; u1(-pi/4) q3; u2(0,pi) q3; u1(pi/4) q3; cx q2,q3; u1(-pi/4) q3; u2(0,pi) q3; }
qreg q[5];
creg c[5];
u2(2.1066608273470444,4.114290198634602) q[0];
u3(3.605961075450664,4.968558340025394,5.030284806061533) q[1];
ccx q[2],q[3],q[4];
tdg q[0];
u1(3.660095877610824) q[3];
ry(2.2920785738355582) q[4];
sxdg q[2];
ccz q[0],q[1],q[2];
h q[3];
rz(5.785255696690591) q[4];
rccx q[0],q[4],q[1];
u3(1.255929509641724,0.8891453895605593,5.57351075513797) q[2];
sdg q[2];
cswap q[4],q[3],q[1];
p(2.2699147646590125) q[0];
cz q[2],q[4];
rccx q[0],q[3],q[1];
s q[0];
ccz q[4],q[2],q[1];
rx(3.2893486422242395) q[3];
h q[1];
u3(6.254832076235754,1.8537575317501171,3.3987446079557793) q[2];
rzx(1.8111988621083026) q[1],q[0];
x q[3];
swap q[2],q[4];
h q[3];
id q[2];
u(6.178416364401601,1.7887357187277575,4.096790376308751) q[1];
t q[4];
rz(0.235211623739247) q[0];
y q[0];
cx q[1],q[2];
t q[4];
z q[3];
rcccx q[3],q[0],q[1],q[2];
rz(1.1448207534773431) q[4];
rccx q[0],q[4],q[1];
u2(2.8994960225884383,0.7719328264090609) q[2];
x q[0];
id q[3];
u(3.334532308078479,0.212876789558367,4.935394608323228) q[4];
id q[2];
h q[1];
z q[0];
c3sqrtx q[1],q[4],q[2],q[3];
p(5.773346032129445) q[0];
rcccx q[1],q[4],q[2],q[3];
ccz q[2],q[1],q[3];
rx(2.777925259134639) q[3];
sx q[2];
ry(5.546840279331683) q[1];
rz(1.0661432157332937) q[0];
u1(5.757246091073507) q[4];
measure q[0] -> c[0];
measure q[1] -> c[1];
measure q[2] -> c[2];
measure q[3] -> c[3];
measure q[4] -> c[4];","{
    ""10101"": 0.001953125,
    ""01001"": 0.0068359375,
    ""10001"": 0.0625,
    ""11010"": 0.0234375,
    ""00101"": 0.0185546875,
    ""01110"": 0.02734375,
    ""00110"": 0.03515625,
    ""00001"": 0.0400390625,
    ""10010"": 0.15234375,
    ""10000"": 0.0419921875,
    ""11011"": 0.0380859375,
    ""11111"": 0.0517578125,
    ""11000"": 0.0361328125,
    ""01011"": 0.0224609375,
    ""11101"": 0.0546875,
    ""10111"": 0.0068359375,
    ""10100"": 0.013671875,
    ""00111"": 0.0458984375,
    ""00011"": 0.029296875,
    ""01101"": 0.080078125,
    ""00100"": 0.01171875,
    ""11110"": 0.017578125,
    ""01111"": 0.041015625,
    ""01000"": 0.025390625,
    ""01100"": 0.0205078125,
    ""10110"": 0.005859375,
    ""01010"": 0.0146484375,
    ""00010"": 0.0166015625,
    ""00000"": 0.0546875,
    ""11001"": 0.0029296875
}"
circuit_images/q05_d016_0001.png,5,"OPENQASM 2.0;
include ""qelib1.inc"";
gate r(param0,param1) q0 { u3(param0,param1 - pi/2,pi/2 - param1) q0; }
gate rzx(param0) q0,q1 { h q1; cx q0,q1; rz(param0) q1; cx q0,q1; h q1; }
gate ccz q0,q1,q2 { h q2; ccx q0,q1,q2; h q2; }
gate csdg q0,q1 { p(-pi/4) q0; cx q0,q1; p(pi/4) q1; cx q0,q1; p(-pi/4) q1; }
gate ryy(param0) q0,q1 { rx(pi/2) q0; rx(pi/2) q1; cx q0,q1; rz(param0) q1; cx q0,q1; rx(-pi/2) q0; rx(-pi/2) q1; }
gate ecr q0,q1 { rzx(pi/4) q0,q1; x q0; rzx(-pi/4) q0,q1; }
gate rcccx q0,q1,q2,q3 { u2(0,pi) q3; u1(pi/4) q3; cx q2,q3; u1(-pi/4) q3; u2(0,pi) q3; cx q0,q3; u1(pi/4) q3; cx q1,q3; u1(-pi/4) q3; cx q0,q3; u1(pi/4) q3; cx q1,q3; u1(-pi/4) q3; u2(0,pi) q3; u1(pi/4) q3; cx q2,q3; u1(-pi/4) q3; u2(0,pi) q3; }
qreg q[5];
creg c[5];
r(1.935068181671291,1.5474532355498407) q[0];
x q[1];
cp(4.635596509895585) q[4],q[2];
p(1.446936690570499) q[0];
sdg q[3];
h q[2];
rzx(2.207297029852395) q[1],q[4];
rccx q[2],q[1],q[3];
cz q[4],q[0];
ccz q[1],q[4],q[3];
rzx(0.8816562026266126) q[0],q[2];
y q[3];
u1(4.656203605985762) q[1];
tdg q[0];
cu(6.190446798479824,5.997229824473307,1.5890348548760558,3.6236233309490284) q[4],q[2];
rx(2.8656278885707755) q[4];
h q[1];
u(0.7652673778445462,1.2583481859708,1.6891102672900447) q[0];
cy q[3],q[2];
p(4.2290981410351645) q[4];
sxdg q[1];
csdg q[0],q[2];
ch q[4],q[3];
cswap q[0],q[2],q[1];
ryy(3.0207441018105397) q[3],q[0];
cu3(0.8857049084210512,2.7464428928667477,6.107183274249823) q[4],q[1];
ccx q[1],q[4],q[3];
cu1(5.82029659354988) q[0],q[2];
ccx q[1],q[4],q[2];
z q[3];
cp(4.208786360380589) q[3],q[0];
ecr q[4],q[2];
cp(3.8420418009058563) q[4],q[2];
rx(1.3566100801945493) q[1];
h q[1];
y q[2];
cp(1.1214979464130947) q[3],q[0];
rcccx q[2],q[3],q[0],q[1];
tdg q[4];
h q[0];
sx q[4];
ccx q[2],q[3],q[1];
measure q[0] -> c[0];
measure q[1] -> c[1];
measure q[2] -> c[2];
measure q[3] -> c[3];
measure q[4] -> c[4];","{
    ""10001"": 0.0009765625,
    ""11110"": 0.0888671875,
    ""10000"": 0.0419921875,
    ""11011"": 0.0478515625,
    ""11111"": 0.0498046875,
    ""11000"": 0.0048828125,
    ""10110"": 0.056640625,
    ""00110"": 0.0009765625,
    ""00001"": 0.0654296875,
    ""11100"": 0.02734375,
    ""10101"": 0.0263671875,
    ""10010"": 0.009765625,
    ""00000"": 0.01953125,
    ""00010"": 0.03125,
    ""10011"": 0.0693359375,
    ""11101"": 0.0302734375,
    ""01011"": 0.0673828125,
    ""10111"": 0.03515625,
    ""10100"": 0.0244140625,
    ""01110"": 0.0458984375,
    ""01111"": 0.0107421875,
    ""00011"": 0.0380859375,
    ""00111"": 0.015625,
    ""00100"": 0.033203125,
    ""01010"": 0.02734375,
    ""01101"": 0.0048828125,
    ""01001"": 0.0576171875,
    ""00101"": 0.00390625,
    ""11010"": 0.0048828125,
    ""01100"": 0.0126953125,
    ""01000"": 0.046875
}"
circuit_images/q05_d019_0001.png,5,"OPENQASM 2.0;
include ""qelib1.inc"";
gate ryy(param0) q0,q1 { rx(pi/2) q0; rx(pi/2) q1; cx q0,q1; rz(param0) q1; cx q0,q1; rx(-pi/2) q0; rx(-pi/2) q1; }
gate rcccx q0,q1,q2,q3 { u2(0,pi) q3; u1(pi/4) q3; cx q2,q3; u1(-pi/4) q3; u2(0,pi) q3; cx q0,q3; u1(pi/4) q3; cx q1,q3; u1(-pi/4) q3; cx q0,q3; u1(pi/4) q3; cx q1,q3; u1(-pi/4) q3; u2(0,pi) q3; u1(pi/4) q3; cx q2,q3; u1(-pi/4) q3; u2(0,pi) q3; }
gate r(param0,param1) q0 { u3(param0,param1 - pi/2,pi/2 - param1) q0; }
gate xx_minus_yy(param0,param1) q0,q1 { rz(-param1) q1; rz(-pi/2) q0; sx q0; rz(pi/2) q0; s q1; cx q0,q1; ry(param0/2) q0; ry(-param0/2) q1; cx q0,q1; sdg q1; rz(-pi/2) q0; sxdg q0; rz(pi/2) q0; rz(param1) q1; }
gate ccz q0,q1,q2 { h q2; ccx q0,q1,q2; h q2; }
qreg q[5];
creg c[5];
ryy(1.7154840835963847) q[0],q[3];
csx q[2],q[4];
id q[1];
rcccx q[0],q[1],q[3],q[4];
rxx(5.318274384814412) q[2],q[1];
cz q[4],q[3];
sdg q[0];
crx(3.573888343239123) q[2],q[4];
cy q[3],q[0];
cu1(4.404773928803324) q[0],q[1];
rzz(3.6333017695752385) q[4],q[3];
t q[2];
rcccx q[4],q[1],q[0],q[2];
rcccx q[3],q[1],q[4],q[0];
cp(3.804731083315646) q[4],q[1];
r(1.3858350218920172,1.0729105262052259) q[3];
xx_minus_yy(2.320869380566713,0.22703772420415477) q[2],q[0];
c3sqrtx q[4],q[1],q[0],q[3];
y q[2];
c3sqrtx q[1],q[4],q[3],q[2];
c3sqrtx q[0],q[4],q[3],q[1];
y q[1];
c3sqrtx q[0],q[4],q[2],q[3];
c3sqrtx q[4],q[3],q[0],q[1];
s q[2];
u3(5.645649836745801,4.4954147485536256,2.39827070204739) q[0];
rcccx q[4],q[1],q[3],q[2];
rx(6.208157405238951) q[4];
y q[2];
ccz q[3],q[1],q[0];
rcccx q[3],q[0],q[4],q[1];
c3sqrtx q[1],q[2],q[4],q[0];
r(4.955453652394864,5.863611249190554) q[1];
cp(6.02070711412706) q[2],q[3];
crx(5.54835556423443) q[0],q[4];
ch q[0],q[1];
measure q[0] -> c[0];
measure q[1] -> c[1];
measure q[2] -> c[2];
measure q[3] -> c[3];
measure q[4] -> c[4];","{
    ""11110"": 0.0107421875,
    ""10110"": 0.029296875,
    ""01101"": 0.0126953125,
    ""00100"": 0.0458984375,
    ""10000"": 0.0244140625,
    ""10101"": 0.0361328125,
    ""11100"": 0.02734375,
    ""10010"": 0.0068359375,
    ""10111"": 0.056640625,
    ""10100"": 0.0322265625,
    ""00111"": 0.3046875,
    ""00011"": 0.0068359375,
    ""01110"": 0.0107421875,
    ""00101"": 0.12109375,
    ""11010"": 0.01953125,
    ""10001"": 0.00390625,
    ""01001"": 0.001953125,
    ""00000"": 0.0439453125,
    ""00010"": 0.0751953125,
    ""01111"": 0.04296875,
    ""00001"": 0.0078125,
    ""00110"": 0.025390625,
    ""11000"": 0.033203125,
    ""11011"": 0.00390625,
    ""11111"": 0.001953125,
    ""11101"": 0.00390625,
    ""01010"": 0.00390625,
    ""01000"": 0.0009765625,
    ""01100"": 0.0029296875,
    ""10011"": 0.0029296875
}"
circuit_images/q05_d011_0000.png,5,"OPENQASM 2.0;
include ""qelib1.inc"";
gate csdg q0,q1 { p(-pi/4) q0; cx q0,q1; p(pi/4) q1; cx q0,q1; p(-pi/4) q1; }
gate xx_minus_yy(param0,param1) q0,q1 { rz(-param1) q1; rz(-pi/2) q0; sx q0; rz(pi/2) q0; s q1; cx q0,q1; ry(param0/2) q0; ry(-param0/2) q1; cx q0,q1; sdg q1; rz(-pi/2) q0; sxdg q0; rz(pi/2) q0; rz(param1) q1; }
gate rzx(param0) q0,q1 { h q1; cx q0,q1; rz(param0) q1; cx q0,q1; h q1; }
gate ecr q0,q1 { rzx(pi/4) q0,q1; x q0; rzx(-pi/4) q0,q1; }
gate rcccx q0,q1,q2,q3 { u2(0,pi) q3; u1(pi/4) q3; cx q2,q3; u1(-pi/4) q3; u2(0,pi) q3; cx q0,q3; u1(pi/4) q3; cx q1,q3; u1(-pi/4) q3; cx q0,q3; u1(pi/4) q3; cx q1,q3; u1(-pi/4) q3; u2(0,pi) q3; u1(pi/4) q3; cx q2,q3; u1(-pi/4) q3; u2(0,pi) q3; }
qreg q[5];
creg c[5];
rx(5.737306623102773) q[1];
csdg q[4],q[3];
cry(0.5107168926581873) q[2],q[0];
xx_minus_yy(3.8077685538340345,4.114105928504445) q[3],q[2];
sx q[1];
cz q[0],q[4];
cz q[3],q[1];
cswap q[4],q[2],q[0];
cp(2.576257871342059) q[4],q[3];
cu(5.058829013341393,0.35259094754530657,1.277333238110945,0.47100473299711965) q[2],q[0];
s q[2];
csx q[1],q[0];
ecr q[3],q[4];
rcccx q[3],q[4],q[0],q[1];
rccx q[3],q[4],q[0];
xx_minus_yy(1.5182648134589516,2.7995827596938154) q[2],q[1];
cz q[0],q[4];
ecr q[2],q[3];
c3sqrtx q[0],q[3],q[1],q[4];
rzz(1.4958372897021397) q[4],q[1];
xx_minus_yy(2.069070543368571,1.899210932866603) q[0],q[3];
crz(6.228671316302404) q[2],q[4];
rzx(5.021373766111465) q[3],q[0];
measure q[0] -> c[0];
measure q[1] -> c[1];
measure q[2] -> c[2];
measure q[3] -> c[3];
measure q[4] -> c[4];","{
    ""01110"": 0.0009765625,
    ""01100"": 0.0078125,
    ""10100"": 0.0341796875,
    ""01010"": 0.0234375,
    ""00110"": 0.0009765625,
    ""01000"": 0.005859375,
    ""00111"": 0.0087890625,
    ""00011"": 0.013671875,
    ""00010"": 0.0166015625,
    ""10011"": 0.0341796875,
    ""01011"": 0.0048828125,
    ""11101"": 0.0078125,
    ""11011"": 0.00390625,
    ""10000"": 0.0126953125,
    ""00100"": 0.0185546875,
    ""01101"": 0.0556640625,
    ""10111"": 0.0029296875,
    ""10101"": 0.0078125,
    ""11100"": 0.0234375,
    ""10010"": 0.0458984375,
    ""00001"": 0.07421875,
    ""11000"": 0.03125,
    ""00000"": 0.03515625,
    ""11010"": 0.009765625,
    ""00101"": 0.005859375,
    ""10001"": 0.1123046875,
    ""01001"": 0.2216796875,
    ""11001"": 0.1796875
}"
circuit_images/q05_d006_0003.png,5,"OPENQASM 2.0;
include ""qelib1.inc"";
gate rcccx q0,q1,q2,q3 { u2(0,pi) q3; u1(pi/4) q3; cx q2,q3; u1(-pi/4) q3; u2(0,pi) q3; cx q0,q3; u1(pi/4) q3; cx q1,q3; u1(-pi/4) q3; cx q0,q3; u1(pi/4) q3; cx q1,q3; u1(-pi/4) q3; u2(0,pi) q3; u1(pi/4) q3; cx q2,q3; u1(-pi/4) q3; u2(0,pi) q3; }
gate dcx q0,q1 { cx q0,q1; cx q1,q0; }
qreg q[5];
creg c[5];
rcccx q[4],q[2],q[1],q[3];
sx q[0];
rccx q[1],q[3],q[0];
dcx q[2],q[4];
ccx q[4],q[1],q[3];
c3sqrtx q[3],q[0],q[1],q[2];
rccx q[4],q[0],q[3];
rcccx q[2],q[3],q[1],q[0];
s q[4];
measure q[0] -> c[0];
measure q[1] -> c[1];
measure q[2] -> c[2];
measure q[3] -> c[3];
measure q[4] -> c[4];","{
    ""00001"": 0.490234375,
    ""00000"": 0.509765625
}"
circuit_images/q05_d011_0001.png,5,"OPENQASM 2.0;
include ""qelib1.inc"";
gate r(param0,param1) q0 { u3(param0,param1 - pi/2,pi/2 - param1) q0; }
gate rcccx q0,q1,q2,q3 { u2(0,pi) q3; u1(pi/4) q3; cx q2,q3; u1(-pi/4) q3; u2(0,pi) q3; cx q0,q3; u1(pi/4) q3; cx q1,q3; u1(-pi/4) q3; cx q0,q3; u1(pi/4) q3; cx q1,q3; u1(-pi/4) q3; u2(0,pi) q3; u1(pi/4) q3; cx q2,q3; u1(-pi/4) q3; u2(0,pi) q3; }
qreg q[5];
creg c[5];
u(3.7587731948762717,2.3290496861962247,4.189546277654654) q[3];
sdg q[2];
sx q[1];
s q[0];
u(0.2866765616344778,2.951447961304905,1.1038070576344778) q[3];
t q[2];
cswap q[1],q[0],q[4];
r(2.8304070706599367,0.21886861078083614) q[1];
rcccx q[3],q[2],q[0],q[4];
cswap q[3],q[4],q[2];
cy q[1],q[0];
rcccx q[0],q[4],q[2],q[3];
id q[1];
t q[0];
id q[1];
cswap q[4],q[2],q[3];
ry(3.8744320949605933) q[4];
u1(1.2545134190224094) q[3];
sdg q[0];
c3sqrtx q[0],q[2],q[3],q[4];
cswap q[3],q[0],q[2];
x q[1];
rccx q[0],q[2],q[1];
rz(5.4123596526312925) q[4];
sxdg q[4];
c3sqrtx q[3],q[1],q[2],q[0];
measure q[0] -> c[0];
measure q[1] -> c[1];
measure q[2] -> c[2];
measure q[3] -> c[3];
measure q[4] -> c[4];","{
    ""00010"": 0.0009765625,
    ""01010"": 0.078125,
    ""10001"": 0.0126953125,
    ""10010"": 0.0068359375,
    ""11010"": 0.236328125,
    ""01100"": 0.1962890625,
    ""00001"": 0.001953125,
    ""11100"": 0.466796875
}"
circuit_images/q05_d012_0000.png,5,"OPENQASM 2.0;
include ""qelib1.inc"";
gate rcccx q0,q1,q2,q3 { u2(0,pi) q3; u1(pi/4) q3; cx q2,q3; u1(-pi/4) q3; u2(0,pi) q3; cx q0,q3; u1(pi/4) q3; cx q1,q3; u1(-pi/4) q3; cx q0,q3; u1(pi/4) q3; cx q1,q3; u1(-pi/4) q3; u2(0,pi) q3; u1(pi/4) q3; cx q2,q3; u1(-pi/4) q3; u2(0,pi) q3; }
gate r(param0,param1) q0 { u3(param0,param1 - pi/2,pi/2 - param1) q0; }
qreg q[5];
creg c[5];
id q[0];
rcccx q[4],q[1],q[2],q[3];
r(6.064363410679732,4.287491902995693) q[0];
c3sqrtx q[2],q[1],q[4],q[3];
sdg q[2];
rcccx q[4],q[3],q[1],q[0];
p(0.8373175661552925) q[4];
rcccx q[1],q[3],q[0],q[2];
c3sqrtx q[0],q[1],q[4],q[3];
rcccx q[4],q[3],q[0],q[2];
p(3.7873428061468455) q[3];
p(4.208487293245608) q[0];
cswap q[2],q[4],q[1];
sx q[0];
c3sqrtx q[2],q[3],q[4],q[1];
sxdg q[1];
rcccx q[3],q[0],q[4],q[2];
rcccx q[4],q[0],q[2],q[1];
u(5.96124699453465,5.739455114758859,0.3522785473212552) q[2];
x q[0];
crx(2.0318240878431846) q[1],q[4];
rcccx q[3],q[0],q[4],q[2];
id q[1];
measure q[0] -> c[0];
measure q[1] -> c[1];
measure q[2] -> c[2];
measure q[3] -> c[3];
measure q[4] -> c[4];","{
    ""00110"": 0.0029296875,
    ""00100"": 0.005859375,
    ""00101"": 0.0029296875,
    ""10011"": 0.166015625,
    ""10010"": 0.173828125,
    ""00011"": 0.052734375,
    ""10110"": 0.0029296875,
    ""00001"": 0.2236328125,
    ""10111"": 0.0009765625,
    ""00010"": 0.0810546875,
    ""00000"": 0.287109375
}"
circuit_images/q05_d005_0001.png,5,"OPENQASM 2.0;
include ""qelib1.inc"";
gate rcccx q0,q1,q2,q3 { u2(0,pi) q3; u1(pi/4) q3; cx q2,q3; u1(-pi/4) q3; u2(0,pi) q3; cx q0,q3; u1(pi/4) q3; cx q1,q3; u1(-pi/4) q3; cx q0,q3; u1(pi/4) q3; cx q1,q3; u1(-pi/4) q3; u2(0,pi) q3; u1(pi/4) q3; cx q2,q3; u1(-pi/4) q3; u2(0,pi) q3; }
gate cs q0,q1 { p(pi/4) q0; cx q0,q1; p(-pi/4) q1; cx q0,q1; p(pi/4) q1; }
qreg q[5];
creg c[5];
rcccx q[3],q[4],q[2],q[1];
sdg q[0];
swap q[2],q[0];
cu(0.21884354404945028,6.104822647576861,0.29929403375673563,4.104438131430177) q[4],q[1];
cu3(4.0966487730946,4.075653400924051,4.482510822494312) q[2],q[0];
cs q[4],q[1];
cp(2.14360840248035) q[2],q[3];
cu(2.4347219552984605,1.7017708171398274,4.677384275600258,1.288754142027813) q[4],q[1];
cx q[4],q[1];
swap q[0],q[2];
measure q[0] -> c[0];
measure q[1] -> c[1];
measure q[2] -> c[2];
measure q[3] -> c[3];
measure q[4] -> c[4];","{
    ""00000"": 1.0
}"
circuit_images/q05_d019_0002.png,5,"OPENQASM 2.0;
include ""qelib1.inc"";
gate csdg q0,q1 { p(-pi/4) q0; cx q0,q1; p(pi/4) q1; cx q0,q1; p(-pi/4) q1; }
gate rcccx q0,q1,q2,q3 { u2(0,pi) q3; u1(pi/4) q3; cx q2,q3; u1(-pi/4) q3; u2(0,pi) q3; cx q0,q3; u1(pi/4) q3; cx q1,q3; u1(-pi/4) q3; cx q0,q3; u1(pi/4) q3; cx q1,q3; u1(-pi/4) q3; u2(0,pi) q3; u1(pi/4) q3; cx q2,q3; u1(-pi/4) q3; u2(0,pi) q3; }
gate rzx(param0) q0,q1 { h q1; cx q0,q1; rz(param0) q1; cx q0,q1; h q1; }
gate ecr q0,q1 { rzx(pi/4) q0,q1; x q0; rzx(-pi/4) q0,q1; }
gate r(param0,param1) q0 { u3(param0,param1 - pi/2,pi/2 - param1) q0; }
qreg q[5];
creg c[5];
ch q[0],q[2];
x q[3];
crx(1.9531183168864807) q[4],q[1];
rx(0.879338282075419) q[1];
csdg q[3],q[2];
z q[0];
ry(4.250388809856936) q[4];
u3(3.07518807244594,3.6954938042199714,0.4571094593375348) q[0];
h q[4];
sx q[1];
x q[3];
sdg q[2];
s q[0];
u(2.551589323992712,2.0153244700259907,1.9059835191111443) q[4];
sx q[3];
x q[1];
ry(3.5752534283736805) q[2];
u2(3.9109458294591524,0.6472645979752396) q[0];
rcccx q[1],q[3],q[4],q[2];
rcccx q[2],q[0],q[3],q[1];
p(4.223194952609457) q[4];
sx q[0];
h q[4];
ccx q[3],q[2],q[1];
h q[1];
ecr q[3],q[0];
h q[4];
r(0.9599568912884568,3.768166287489218) q[0];
y q[1];
rxx(3.529284720018191) q[4],q[2];
rx(0.0013997440915439776) q[3];
u3(0.7847652476824414,2.379395271599253,5.778053448542286) q[0];
h q[4];
rz(2.353829289522569) q[1];
sx q[2];
h q[1];
rx(2.303673932843939) q[3];
p(6.001292155352087) q[4];
r(2.0799293977052913,6.089312329668273) q[2];
x q[0];
t q[3];
rcccx q[0],q[1],q[4],q[2];
s q[4];
ry(5.6882932844368534) q[2];
rz(6.117730759741447) q[0];
sx q[1];
id q[3];
id q[3];
sdg q[1];
x q[4];
sxdg q[2];
tdg q[0];
rx(2.3647274617342924) q[0];
tdg q[4];
s q[3];
ch q[1],q[2];
u(1.666719964086342,4.010213284958144,3.1167257280788485) q[4];
rz(3.6863789319754936) q[1];
ry(2.6757010615903636) q[0];
ry(3.2955955430607626) q[3];
z q[4];
cu(4.738227767491505,3.161089820676448,3.9039209903352123,1.2735208370490474) q[0],q[2];
rzz(4.028316787528119) q[1],q[3];
tdg q[1];
c3sqrtx q[3],q[2],q[4],q[0];
measure q[0] -> c[0];
measure q[1] -> c[1];
measure q[2] -> c[2];
measure q[3] -> c[3];
measure q[4] -> c[4];","{
    ""10101"": 0.00390625,
    ""10001"": 0.005859375,
    ""00101"": 0.02734375,
    ""01001"": 0.0341796875,
    ""11010"": 0.0283203125,
    ""10011"": 0.0087890625,
    ""01110"": 0.04296875,
    ""10000"": 0.0234375,
    ""10110"": 0.0068359375,
    ""10010"": 0.0107421875,
    ""11100"": 0.013671875,
    ""01011"": 0.06640625,
    ""00111"": 0.0302734375,
    ""00011"": 0.021484375,
    ""01101"": 0.19140625,
    ""00010"": 0.0263671875,
    ""00001"": 0.0029296875,
    ""00110"": 0.00390625,
    ""01010"": 0.10546875,
    ""11000"": 0.0078125,
    ""11011"": 0.0576171875,
    ""11111"": 0.0185546875,
    ""10111"": 0.0087890625,
    ""10100"": 0.005859375,
    ""00100"": 0.0556640625,
    ""01000"": 0.0185546875,
    ""01100"": 0.0244140625,
    ""01111"": 0.0205078125,
    ""11101"": 0.0048828125,
    ""00000"": 0.0771484375,
    ""11001"": 0.0126953125,
    ""11110"": 0.033203125
}"
circuit_images/q05_d012_0001.png,5,"OPENQASM 2.0;
include ""qelib1.inc"";
gate rcccx q0,q1,q2,q3 { u2(0,pi) q3; u1(pi/4) q3; cx q2,q3; u1(-pi/4) q3; u2(0,pi) q3; cx q0,q3; u1(pi/4) q3; cx q1,q3; u1(-pi/4) q3; cx q0,q3; u1(pi/4) q3; cx q1,q3; u1(-pi/4) q3; u2(0,pi) q3; u1(pi/4) q3; cx q2,q3; u1(-pi/4) q3; u2(0,pi) q3; }
gate ryy(param0) q0,q1 { rx(pi/2) q0; rx(pi/2) q1; cx q0,q1; rz(param0) q1; cx q0,q1; rx(-pi/2) q0; rx(-pi/2) q1; }
gate ccz q0,q1,q2 { h q2; ccx q0,q1,q2; h q2; }
gate xx_minus_yy(param0,param1) q0,q1 { rz(-param1) q1; rz(-pi/2) q0; sx q0; rz(pi/2) q0; s q1; cx q0,q1; ry(param0/2) q0; ry(-param0/2) q1; cx q0,q1; sdg q1; rz(-pi/2) q0; sxdg q0; rz(pi/2) q0; rz(param1) q1; }
qreg q[5];
creg c[5];
rccx q[3],q[1],q[2];
rx(0.7922901634657333) q[4];
c3sqrtx q[4],q[2],q[0],q[3];
c3sqrtx q[2],q[3],q[0],q[1];
rcccx q[2],q[0],q[3],q[4];
c3sqrtx q[3],q[0],q[2],q[1];
ryy(0.20697510295333804) q[0],q[1];
ccz q[3],q[2],q[4];
rccx q[4],q[2],q[0];
rx(1.75385317701503) q[1];
cswap q[2],q[4],q[3];
csx q[0],q[1];
c3sqrtx q[3],q[2],q[0],q[1];
cswap q[4],q[0],q[1];
xx_minus_yy(3.6174253392437894,0.41808573531843146) q[3],q[2];
rccx q[2],q[4],q[1];
rx(0.4462073687607927) q[0];
rcccx q[1],q[4],q[0],q[2];
measure q[0] -> c[0];
measure q[1] -> c[1];
measure q[2] -> c[2];
measure q[3] -> c[3];
measure q[4] -> c[4];","{
    ""10000"": 0.0009765625,
    ""01101"": 0.01171875,
    ""11110"": 0.0224609375,
    ""00001"": 0.0009765625,
    ""11100"": 0.0029296875,
    ""01111"": 0.0224609375,
    ""00000"": 0.02734375,
    ""00010"": 0.0263671875,
    ""11011"": 0.103515625,
    ""01100"": 0.2978515625,
    ""10001"": 0.005859375,
    ""01110"": 0.4775390625
}"
circuit_images/q05_d015_0002.png,5,"OPENQASM 2.0;
include ""qelib1.inc"";
gate r(param0,param1) q0 { u3(param0,param1 - pi/2,pi/2 - param1) q0; }
gate iswap q0,q1 { s q0; s q1; h q0; cx q0,q1; cx q1,q0; h q1; }
gate xx_minus_yy(param0,param1) q0,q1 { rz(-param1) q1; rz(-pi/2) q0; sx q0; rz(pi/2) q0; s q1; cx q0,q1; ry(param0/2) q0; ry(-param0/2) q1; cx q0,q1; sdg q1; rz(-pi/2) q0; sxdg q0; rz(pi/2) q0; rz(param1) q1; }
gate ccz q0,q1,q2 { h q2; ccx q0,q1,q2; h q2; }
gate csdg q0,q1 { p(-pi/4) q0; cx q0,q1; p(pi/4) q1; cx q0,q1; p(-pi/4) q1; }
qreg q[5];
creg c[5];
r(4.213810995640442,4.44920790949308) q[3];
cu(1.9677490993093145,3.892046656254531,1.5853648548301922,4.585256044718412) q[1],q[4];
id q[2];
u2(5.599975660858339,2.355426526342051) q[1];
rx(1.2160652467817124) q[4];
iswap q[2],q[0];
u(4.016067745431901,1.3410183964295543,4.476683970409634) q[2];
s q[1];
rz(2.2132109527270614) q[0];
u(2.7207683264004094,0.3776433310769592,2.828068527718893) q[3];
u1(1.629664464064725) q[4];
t q[0];
sxdg q[1];
cswap q[3],q[2],q[4];
c3sqrtx q[3],q[1],q[4],q[0];
id q[2];
s q[0];
ry(1.7771074782658967) q[3];
xx_minus_yy(4.3165180912057055,4.134616194526838) q[1],q[2];
t q[0];
sdg q[3];
ccz q[4],q[2],q[1];
c3sqrtx q[0],q[1],q[3],q[2];
rz(2.0166263541602674) q[4];
crz(1.3133120782177683) q[2],q[3];
r(5.050810608710192,0.23590590963780333) q[4];
csx q[1],q[0];
rccx q[3],q[4],q[1];
csdg q[0],q[2];
sxdg q[4];
p(0.11836784274509946) q[0];
iswap q[2],q[3];
u(3.101899897275612,4.143089369724092,3.079970828405805) q[1];
cx q[3],q[0];
rx(6.0585942791399505) q[4];
z q[2];
u3(2.066172136174898,3.50837694985425,5.218143603025302) q[1];
ccz q[3],q[2],q[0];
p(3.1994086269407007) q[1];
s q[4];
cp(5.77981968685221) q[2],q[3];
csx q[0],q[1];
sx q[1];
tdg q[4];
s q[2];
iswap q[0],q[3];
measure q[0] -> c[0];
measure q[1] -> c[1];
measure q[2] -> c[2];
measure q[3] -> c[3];
measure q[4] -> c[4];","{
    ""01100"": 0.0009765625,
    ""01001"": 0.001953125,
    ""10001"": 0.03515625,
    ""11010"": 0.005859375,
    ""00101"": 0.013671875,
    ""11000"": 0.009765625,
    ""10010"": 0.060546875,
    ""11100"": 0.0146484375,
    ""10101"": 0.0146484375,
    ""11110"": 0.02734375,
    ""10110"": 0.013671875,
    ""11101"": 0.08203125,
    ""10111"": 0.0107421875,
    ""10100"": 0.1181640625,
    ""00010"": 0.087890625,
    ""10000"": 0.09375,
    ""11111"": 0.03515625,
    ""11011"": 0.009765625,
    ""00100"": 0.142578125,
    ""01010"": 0.009765625,
    ""00001"": 0.0146484375,
    ""00110"": 0.0361328125,
    ""10011"": 0.013671875,
    ""00111"": 0.0029296875,
    ""00011"": 0.005859375,
    ""01101"": 0.025390625,
    ""01011"": 0.0166015625,
    ""01110"": 0.0234375,
    ""01111"": 0.0009765625,
    ""11001"": 0.064453125,
    ""00000"": 0.0078125
}"
circuit_images/q05_d008_0003.png,5,"OPENQASM 2.0;
include ""qelib1.inc"";
gate rcccx q0,q1,q2,q3 { u2(0,pi) q3; u1(pi/4) q3; cx q2,q3; u1(-pi/4) q3; u2(0,pi) q3; cx q0,q3; u1(pi/4) q3; cx q1,q3; u1(-pi/4) q3; cx q0,q3; u1(pi/4) q3; cx q1,q3; u1(-pi/4) q3; u2(0,pi) q3; u1(pi/4) q3; cx q2,q3; u1(-pi/4) q3; u2(0,pi) q3; }
gate r(param0,param1) q0 { u3(param0,param1 - pi/2,pi/2 - param1) q0; }
qreg q[5];
creg c[5];
rcccx q[0],q[4],q[3],q[1];
ry(4.353350149155557) q[2];
u3(2.9110603870148504,6.012888775711444,0.28989811295727796) q[4];
u3(5.789293067377315,5.922470177432498,5.520762743849299) q[2];
r(2.4995254180433975,1.206554310092233) q[3];
tdg q[0];
r(2.7045187686812384,2.717486918200053) q[1];
t q[2];
u3(1.4171567804828893,2.298358411854154,0.3367910918509579) q[3];
h q[0];
sx q[4];
r(0.9994072730882935,5.882941126539956) q[3];
rcccx q[2],q[0],q[1],q[4];
rcccx q[2],q[1],q[4],q[3];
x q[0];
s q[0];
p(3.428481552751448) q[3];
s q[2];
y q[4];
u3(3.5613536955957437,2.1535822134443063,1.1465540010945998) q[1];
y q[4];
sdg q[2];
s q[1];
csx q[3],q[0];
y q[1];
rcccx q[3],q[0],q[2],q[4];
measure q[0] -> c[0];
measure q[1] -> c[1];
measure q[2] -> c[2];
measure q[3] -> c[3];
measure q[4] -> c[4];","{
    ""00000"": 0.0009765625,
    ""01100"": 0.0009765625,
    ""11101"": 0.001953125,
    ""10000"": 0.001953125,
    ""00100"": 0.001953125,
    ""10011"": 0.0068359375,
    ""00010"": 0.01171875,
    ""01111"": 0.0478515625,
    ""10110"": 0.1650390625,
    ""10001"": 0.0009765625,
    ""00101"": 0.005859375,
    ""11010"": 0.0595703125,
    ""01010"": 0.0615234375,
    ""01110"": 0.19921875,
    ""11100"": 0.00390625,
    ""00001"": 0.001953125,
    ""10101"": 0.017578125,
    ""10111"": 0.1455078125,
    ""10010"": 0.0078125,
    ""11111"": 0.130859375,
    ""11000"": 0.0107421875,
    ""01000"": 0.0087890625,
    ""00110"": 0.0361328125,
    ""01101"": 0.017578125,
    ""11110"": 0.0263671875,
    ""00011"": 0.0048828125,
    ""00111"": 0.021484375
}"
